<?xml version="1.0" encoding="UTF-8"?>

<!--
    Document   : contents.xml
    Created on : Tue Jan 08 16:07:43 CET 2008
    Author     : 
    Description:
        Purpose of the document follows.
-->
<book_contents>
    <section title="Introduction" url="introduction.html">
        <section title="Help Introduction" url="introduction_help.html">
        </section>
        <section title="About JCreator" url="introduction_about.html">
        </section>
        <section title="Features" url="introduction_features.html">
        </section>
    </section>
    <section title="Getting Started" url="getstarted.html">
        <section title="Installation and Setup" url="getstarted_installation.html">
        </section>
        <section title="Creating a Java Console Application" url="getstarted_console.html">
        </section>
    </section>
    <section title="The Workspace" url="workspace.html">
        <section title="Workspace Overview" url="workspace_overview.html">
        </section>
        <section title="Using File View" url="workspace_fileview.html">
        </section>
        <section title="Using the Class View and Package View" url="workspace_classview.html">
        </section>
        <section title="Using the Output Views" url="workspace_outputviews.html">
        </section>
        <section title="Using the Task View" url="workspace_taskview.html">
        </section>
        <section title="How to: Create a Project" url="workspace_howto_newproject.html">
        </section>
        <section title="How to: Sort the Class View" url="workspace_howto_sortclassview.html">
        </section>
        <section title="How to: Add Todo Items" url="workspace_howto_addtodoitems.html">
        </section>
        <section title="How to: Reset the Workspace Layout" url="workspace_howto_resetlayout.html">
        </section>
        <section title="How to: Enable Fullscreen" url="workspace_howto_fullscreen.html">
        </section>
        <section title="How to: Customize JCreator" url="workspace_howto_customize.html">
        </section>
    </section>
    <section title="Editing Code" url="editor.html">
        <section title="Editing Overview" url="editor_overview.html">
        <section title="Convenient Commands and Features" url="editor_convenientcommands.html"/>
        <section title="How to: Outline and Hide Code" url="editor_howto_foldingcode.html"/>
        <section title="How to: Drag and Drop Text" url="editor_howto_dragdroptext.html"/>
        <section title="How to: Print Code from the Editor" url="editor_howto_printcode.html"/>
        <section title="How to: Comment a Selection" url="editor_howto_commentselection.html"/>
        <section title="How to: Customize the Editor" url="editor_howto_customize.html"/>
        </section>
        <section title="Navigating Through Code" url="editor_navigate.html">
        <section title="Find and Replace" url="editor_findreplace.html"/>
        <section title="Find and Replace in Files" url="editor_findreplacefiles.html"/>
        <section title="Find Symbols" url="editor_findsymbols.html"/>
        <section title="Regular Expressions" url="editor_regularexpressions.html"/>
        <section title="Setting Bookmarks" url="editor_bookmarks.html"/>
        </section>
        <section title="Coding Aids" url="editor_codeaids.html">
        <section title="Using Code Completion" url="editor_codecompletion.html"/>
        <section title="Using Code Snippets" url="editor_codesnippets.html"/>
        <section title="Using Word Completion" url="editor_wordcompletion.html"/>
        </section>
    </section>
    <section title="Building and Running Code" url="buildingcode.html">
        <section title="Building Your Code" url="buildingcode_build.html">
        </section>
        <section title="Running Your Code" url="buildingcode_run.html">
        </section>
        <section title="How to: Configure the Compiler" url="buildingcode_howtoconf_compiler.html">
        </section>
        <section title="How to: Configure the Interpreter" url="buildingcode_howtoconf_interpreter.html">
        </section>
        <section title="How to: Set the Main Arguments" url="buildingcode_howtoset_arguments.html">
        </section>
        <section title="How to: Set the Main Class" url="buildingcode_howtoset_mainclass.html">
        </section>
        <section title="How to: Run an Applet" url="buildingcode_howtorun_applet.html">
        </section>
        <section title="How to: Change JDK Profiles" url="buildingcode_howtoswitch_profiles.html">
        </section>
        <section title="How to: Configure the Classpath" url="buildingcode_howtoconf_classpath.html">
        </section>
        <section title="How to: Configure the Jikes Compiler" url="buildingcode_howtoconf_jikes.html">
        </section>
        <section title="How to: Use JCreator with Tomcat" url="buildingcode_howtoconf_tomcat.html">
        </section>
        <section title="How to: Disable Capture Output" url="buildingcode_howtodisa_output.html">
        </section>
        <section title="How to: Disable the Task View" url="buildingcode_howtodisa_taskview.html">
        </section>
    </section>
    <section title="Debugging Code" url="debuggingcode.html">
        <section title="Debugging Your Code" url="debuggingcode_run.html">
        </section>
        <section title="Current Context in the Debugger" url="debuggingcode_context.html">
        </section>
        <section title="How to: Set a Variable Watch" url="debuggingcode_howtoset_watch.html">
        </section>
        <section title="How to: Debug Servlets with Tomcat" url="debuggingcode_howtoconf_tomcat.html">
        </section>
    </section>
    <section title="Version Control" url="versioncontrol.html">
        <section title="Setting up CVS" url="versioncontrol_cvs.html">
        </section>
    </section>
    <section title="Ant Integration" url="antintegration.html">
        <section title="What is Ant" url="ant_about.html">
        </section>
        <section title="Ant View" url="ant_view.html">
        </section>
        <section title="Ant Examples" url="ant_examples.html">
        </section>
        <section title="Using Ant Code Completion" url="ant_codecompletion.html">
        </section>
        <section title="How to: Configure Ant" url="ant_howto_conf.html">
        </section>
        <section title="How to: Add Ant Build Files" url="ant_howto_addbuilds.html">
        </section>
        <section title="How to: Run Ant Targets" url="ant_howto_runtarget.html">
        </section>
        <section title="How to: Assign Commands to Ant Targets" url="ant_howto_assigntargets.html">
        </section>
        <section title="How to: Customize Ant Code Completion" url="ant_howto_codecompletion.html">
        </section>
        <section title="How to: Add Ant Code Snippets" url="ant_howto_addsnippets.html">
        </section>
    </section>
    <section title="Extending JCreator" url="extending.html">
        <section title="User Tools" url="extending_usertools.html">
        </section>
        <section title="Project Templates" url="extending_projtemplates.html">
        </section>
        <section title="File Templates" url="extending_filetemplates.html">
        </section>
        <section title="Custom Syntax Highlighting" url="extending_addclassdocs.html">
        </section>
    </section>
    <section title="Customizing JCreator" url="customize.html">
        <section title="How to: Change the Menu Animation" url="customize_howto_animation.html">
        </section>
        <section title="How to: Change a Toolbar Button's Appearance " url="customize_howto_button.html">
        </section>
        <section title="How to: Delete a Toolbar Button" url="customize_howto_delbutton.html">
        </section>
        <section title="How to: Add a Button to a Toolbar " url="customize_howto_addbutton.html">
        </section>
        <section title="How to: Delete a Menu or Menu Command " url="customize_howto_command.html">
        </section>
        <section title="How to: Add a Command to a Menu " url="customize_howto_addcommand.html">
        </section>
        <section title="How to: Move a Menu" url="customize_howto_movemenu.html">
        </section>
        <section title="How to: Restore the Original Toolbar and Menu Settings " url="customize_howto_reset.html">
        </section>
    </section>
    <section title="Dialog Windows" url="dialogs.html">
        <section title="Options Dialog" url="dialogs_options.html">
        <section title="General Pane" url="dialogs_optionsgeneral.html"/>
        <section title="Editor Pane" url="dialogs_optionseditor.html"/>
        <section title="Documents Pane" url="dialogs_optionsdocuments.html"/>
        <section title="Class Document Pane" url="dialogs_optionsclassdoc.html"/>
        <section title="Colors Pane" url="dialogs_optionscolors.html"/>
        <section title="Font Pane" url="dialogs_optionsfont.html"/>
        <section title="Folding Pane" url="dialogs_optionsfolding.html"/>
        <section title="Printer Pane" url="dialogs_optionsprint.html"/>
        <section title="Syntax Pane" url="dialogs_optionssyntax.html"/>
        <section title="Templates Pane" url="dialogs_optionstemplates.html"/>
        <section title="Directories Pane" url="dialogs_optionsdirectories.html"/>
        <section title="JDK Profiles Pane" url="dialogs_optionsjdkprofiles.html"/>
        <section title="JDK Tools Pane" url="dialogs_optionsjdktools.html"/>
        <section title="Workspace Pane" url="dialogs_optionsworkspace.html"/>
        <section title="Startup Pane" url="dialogs_optionsstartup.html"/>
        <section title="File View Pane" url="dialogs_optionsfileview.html"/>
        <section title="Class View Pane" url="dialogs_optionsclassview.html"/>
        <section title="Task View Pane" url="dialogs_optionstaskview.html"/>
        <section title="Output View Pane" url="dialogs_optionsoutputview.html"/>
        <section title="Output Parser Pane" url="dialogs_optionsoutputparser.html"/>
        <section title="Code Insertion Pane" url="dialogs_optionscodeinsertion.html"/>
        <section title="Code Completion Pane" url="dialogs_optionscodecompletion.html"/>
        <section title="Tools Pane" url="dialogs_optionstools.html"/>
        <section title="Tool Settings Pane" url="dialogs_optionstoolsettings.html"/>
        <section title="Tool Macros Pane" url="dialogs_optionstoolmacros.html"/>
        <section title="File Assocations Pane" url="dialogs_optionsfileassociations.html"/>
        </section>
        <section title="Customize Dialog" url="dialogs_customize.html">
        <section title="Customize Toolbars Pane" url="dialogs_customizetoolbars.html"/>
        <section title="Customize Commands Pane" url="dialogs_customizecommands.html"/>
        <section title="Customize Keyboard Pane" url="dialogs_customizekeyboard.html"/>
        <section title="Customize Options Pane" url="dialogs_customizeoptions.html"/>
        </section>
        <section title="Version Control" url="dialogs_versioncontrol.html">
        <section title="Checkout Dialog Box" url="dialogs_checkout.html"/>
        <section title="CVS Properties Dialog Box" url="dialogs_cvsproperties.html"/>
        <section title="Add Options Dialog Box" url="dialogs_cvsaddoptions.html"/>
        <section title="Commit Dialog Box" url="dialogs_cvscommit.html"/>
        <section title="Edit Dialog Box" url="dialogs_cvsedit.html"/>
        <section title="Remove Dialog Box" url="dialogs_cvsremove.html"/>
        <section title="Status Dialog Box" url="dialogs_cvsstatus.html"/>
        <section title="UnEdit Dialog Box" url="dialogs_cvsunedit.html"/>
        <section title="Update Dialog Box" url="dialogs_cvsupdate.html"/>
        </section>
        <section title="Find Text Dialog Box" url="dialogs_find.html">
        </section>
        <section title="Replace Text Dialog Box" url="dialogs_findreplace.html">
        </section>
        <section title="Find Help Topic Dialog Box" url="dialogs_findhelp.html">
        </section>
        <section title="Find Symbol Dialog Box" url="dialogs_findsymbol.html">
        </section>
        <section title="Insert Bean Methods Dialog Box" url="dialogs_classproperties.html">
        </section>
        <section title="Class Wizard Dialog Box" url="dialogs_classwizard.html">
        </section>
        <section title="Build Workspace Dialog Box" url="dialogs_compileworkspace.html">
        </section>
        <section title="File Splitter Dialog Box" url="dialogs_filesplitter.html">
        </section>
        <section title="File Wizard Dialog Box" url="dialogs_filewizard.html">
        </section>
        <section title="Implement Interfaces Dialog Box" url="dialogs_implinterfaces.html">
        </section>
        <section title="Interface Wizard Dialog Box" url="dialogs_interfacewizard.html">
        </section>
        <section title="JDK Profile Dialog Box" url="dialogs_jdkprofile.html">
        </section>
        <section title="Tool Configuration Dialog Box" url="dialogs_jdktools.html">
        </section>
        <section title="New Method Dialog Box" url="dialogs_newmethod.html">
        </section>
        <section title="New Variable Dialog Box Pane" url="dialogs_newvariabledialogbox.html">
        </section>
        <section title="User Task Dialog" url="dialogs_newtask.html">
        </section>
        <section title="New Workspace Dialog Box" url="dialogs_newworkspace.html">
        </section>
        <section title="Output Expression Properties Dialog Box" url="dialogs_outputexpressions.html">
        </section>
        <section title="Project Settings Dialog Box" url="dialogs_projectsettings.html">
        </section>
        <section title="Project Wizard Dialog Box" url="dialogs_projectwizard.html">
        </section>
        <section title="Runtime Configuration Dialog Box" url="dialogs_runtimeconfigs.html">
        </section>
        <section title="Attach to Process Dialog Box" url="dialogs_attachtoprocess.html">
        </section>
        <section title="Set Library Dialog Box" url="dialogs_setlibrary.html">
        </section>
        <section title="Set Main Method Arguments Dialog Box" url="dialogs_setmain.html">
        </section>
        <section title="Set Runtime Configuration Dialog Box" url="dialogs_setruntimeconf.html">
        </section>
        <section title="Startup Wizard Dialog Box" url="dialogs_startupwizard.html">
        </section>
        <section title="Windows Dialog Box" url="dialogs_windows.html">
        </section>
    </section>
    <section title="Menu Commands" url="menus.html">
        <section title="File Menu" url="menus_file.html">
        </section>
        <section title="Edit Menu" url="menus_edit.html">
        </section>
        <section title="View Menu" url="menus_view.html">
        </section>
        <section title="Project Menu" url="menus_project.html">
        </section>
        <section title="Build Menu" url="menus_build.html">
        </section>
        <section title="Run Menu" url="menus_run.html">
        </section>
        <section title="Tools Menu" url="menus_tools.html">
        </section>
        <section title="Configure Menu" url="menus_configure.html">
        </section>
        <section title="Window Menu" url="menus_window.html">
        </section>
        <section title="Help Menu" url="menus_help.html">
        </section>
    </section>
    <section title="Glossary" url="glossary.html">
        <section title="Glossary" url="glossary_terms.html">
        </section>
    </section>
    <section title="Appendix" url="appendix.html">
        <section title="Ordering JCreator" url="appendix_order.html">
        </section>
        <section title="JCreator Pro, License Agreement" url="appendix_license.html">
        </section>
        <section title="Try Before You Buy" url="appendix_shareware.html">
        </section>
        <section title="Copyright � 2000-2008 Xinox Software" url="appendix_copyrights.html">
        </section>
        <section title="JCreator Online" url="appendix_website.html">
        </section>
    </section>
</book_contents>





