<?xml version="1.0" encoding="UTF-8"?>

<!--
    Document   : Text1
    Created on : 2006/6/2
    Author     : 
    Description:
        Purpose of the document follows.
-->

<resources>
    <res id='199' window='dialogs_optionsfileassociations'/>
    <res id='21019' window='dialogs_newtask'/>
    <res id='2164' window='dialogs_optionsgeneral'/>  
    <res id='2169' window='dialogs_optionseditor'/>
    <res id='2171' window='dialogs_optionsclassdoc'/>
    <res id='2172' window='dialogs_optionscolors'/>
    <res id='2176' window='dialogs_optionstoolsettings'/>
    <res id='2178' window='dialogs_optionstoolsettings'/>
    <res id='218' window='dialogs_optionsprint'/>
    <res id='2188' window='dialogs_optionsfont'/>
    <res id='2189' window='dialogs_optionsdirectories'/>
    <res id='2190' window='dialogs_optionsworkspace'/>
    <res id='238' window='dialogs_optionsclassview'/>
    <res id='257' window='dialogs_projectsettings'/>
    <res id='276' window='dialogs_runtimeconfigs'/>
    <res id='277' window='dialogs_setruntimeconf'/>
    <res id='284' window='dialogs_optionsjdkprofiles'/>
    <res id='285' window='dialogs_jdktools'/>
    <res id='285' window='dialogs_optionsjdktools'/>
    <res id='289' window='dialogs_optionstemplates'/>
    <res id='295' window='dialogs_optionscodecompletion'/>
    <res id='296' window='dialogs_optionsdocuments'/>
    <res id='304' window='dialogs_optionssyntax'/>
    <res id='309' window='dialogs_interfacewizard'/>
    <res id='311' window='dialogs_breakpoints'/>
    <res id='33466' window='dialogs_find'/>
    <res id='33467' window='dialogs_findreplace'/>
    <res id='33468' window='dialogs_findsymbol'/>
    <res id='33469' window='dialogs_findhelp'/>
    <res id='33505' window='dialogs_attachtoprocess'/> 
    <res id='344' window='dialogs_optionsfolding'/>
    <res id='346' window='dialogs_projectwizard'/>
    <res id='351' window='dialogs_filewizard'/>
    <res id='354' window='dialogs_classwizard'/>
    <res id='355' window='dialogs_interfacewizard'/>
    <res id='365' window='dialogs_checkout'/>
    <res id='372' window='dialogs_cvsproperties'/>
    <res id='4506' window='dialogs_optionscodeinsertion'/>
    <res id='4512' window='dialogs_optionsoutputview'/>
    <res id='4525' window='dialogs_optionsfileview'/>
    <res id='4526' window='dialogs_optionstaskview'/>
    <res id='4528' window='dialogs_classproperties'/>
    <res id='4536' window='dialogs_optionsoutputparser'/>
    <res id='4539' window='dialogs_filesplitter'/>
    <res id='4562' window='dialogs_optionsstartup'/>
    <res id='4568' window='dialogs_newworkspace'/>
</resources>

