<?xml version="1.0" encoding="UTF-8"?>
<!--Modified on Tuesday January 08 16:09:09, 2008 -->

<sources>
	<src id="appendix_order" title="Ordering JCreator" url="appendix_order.html" hash="-855664577"/>
	<src id="dialogs_projectwizard" title="Project Wizard Dialog Box" url="dialogs_projectwizard.html" hash="820162995"/>
	<src id="dialogs_findsymbol" title="Find Symbol Dialog Box" url="dialogs_findsymbol.html" hash="510011933"/>
	<src id="dialogs_findhelp" title="Find Help Topic Dialog Box" url="dialogs_findhelp.html" hash="-1543289802"/>
	<src id="dialogs_find" title="Find Text Dialog Box" url="dialogs_find.html" hash="-1406116729"/>
	<src id="buildingcode_howtoconf_classpath" title="How to: Configure the Classpath" url="buildingcode_howtoconf_classpath.html" hash="441212203"/>
	<src id="buildingcode_howtorun_applet" title="How to: Run an Applet" url="buildingcode_howtorun_applet.html" hash="1785635763"/>
	<src id="buildingcode_howtoconf_compiler" title="How to: Configure the Compiler" url="buildingcode_howtoconf_compiler.html" hash="-356303416"/>
	<src id="menus_tools" title="Tools Menu" url="menus_tools.html" hash="583163991"/>
	<src id="menus_run" title="Run Menu" url="menus_run.html" hash="1785346659"/>
	<src id="dialogs_runtimeconfigs" title="Runtime Configuration Dialog Box" url="dialogs_runtimeconfigs.html" hash="-462804950"/>
	<src id="dialogs_optionscodecompletion" title="Code Completion Pane" url="dialogs_optionscodecompletion.html" hash="1077141776"/>
	<src id="dialogs_optionsfolding" title="Folding Pane" url="dialogs_optionsfolding.html" hash="-935614330"/>
	<src id="debuggingcode" title="Debugging Code" url="debuggingcode.html" hash="780134383"/>
	<src id="buildingcode_howtoset_arguments" title="How to: Set the Main Arguments" url="buildingcode_howtoset_arguments.html" hash="363032751"/>
	<src id="workspace_overview" title="Workspace Overview" url="workspace_overview.html" hash="524584648"/>
	<src id="getstarted_installation" title="Installation and Setup" url="getstarted_installation.html" hash="18370788"/>
	<src id="introduction_about" title="About JCreator" url="introduction_about.html" hash="1225372861"/>
	<src id="menus_file" title="File Menu" url="menus_file.html" hash="323643235"/>
	<src id="dialogs_interfacewizard" title="Interface Wizard Dialog Box" url="dialogs_interfacewizard.html" hash="-457183391"/>
	<src id="dialogs_cvsremove" title="Remove Dialog Box" url="dialogs_cvsremove.html" hash="168841122"/>
	<src id="dialogs_cvsedit" title="Edit Dialog Box" url="dialogs_cvsedit.html" hash="986244288"/>
	<src id="dialogs_cvscommit" title="Commit Dialog Box" url="dialogs_cvscommit.html" hash="-192823325"/>
	<src id="dialogs_optionscolors" title="Colors Pane" url="dialogs_optionscolors.html" hash="1101521709"/>
	<src id="dialogs_options" title="Options Dialog" url="dialogs_options.html" hash="-344563666"/>
	<src id="editor_codesnippets" title="Using Code Snippets" url="editor_codesnippets.html" hash="-966694218"/>
	<src id="workspace_fileview" title="Using File View" url="workspace_fileview.html" hash="-410545666"/>
	<src id="dialogs_optionsfileview" title="File View Pane" url="dialogs_optionsfileview.html" hash="-83286605"/>
	<src id="customize_howto_movemenu" title="How to: Move a Menu" url="customize_howto_movemenu.html" hash="-118772582"/>
	<src id="customize_howto_animation" title="How to: Change the Menu Animation" url="customize_howto_animation.html" hash="-58012421"/>
	<src id="extending_filetemplates" title="File Templates" url="extending_filetemplates.html" hash="-1341192049"/>
	<src id="ant_codecompletion" title="Using Ant Code Completion" url="ant_codecompletion.html" hash="1068583365"/>
	<src id="ant_about" title="What is Ant" url="ant_about.html" hash="-1353054496"/>
	<src id="antintegration" title="Ant Integration" url="antintegration.html" hash="1791454459"/>
	<src id="debuggingcode_context" title="Current Context in the Debugger" url="debuggingcode_context.html" hash="-2017377293"/>
	<src id="buildingcode_howtoconf_jikes" title="How to: Configure the Jikes Compiler" url="buildingcode_howtoconf_jikes.html" hash="321346375"/>
	<src id="editor_findsymbols" title="Find Symbols" url="editor_findsymbols.html" hash="-13153964"/>
	<src id="dialogs_windows" title="Windows Dialog Box" url="dialogs_windows.html" hash="-1615649868"/>
	<src id="dialogs_outputexpressions" title="Output Expression Properties Dialog Box" url="dialogs_outputexpressions.html" hash="729879145"/>
	<src id="dialogs_cvsaddoptions" title="Add Options Dialog Box" url="dialogs_cvsaddoptions.html" hash="-1138211864"/>
	<src id="dialogs_customizekeyboard" title="Customize Keyboard Pane" url="dialogs_customizekeyboard.html" hash="-1160530168"/>
	<src id="dialogs_optionssyntax" title="Syntax Pane" url="dialogs_optionssyntax.html" hash="-1857282299"/>
	<src id="customize_howto_button" title="How to: Change a Toolbar Button&apos;s Appearance " url="customize_howto_button.html" hash="286775939"/>
	<src id="ant_view" title="Ant View" url="ant_view.html" hash="139173012"/>
	<src id="editor_convenientcommands" title="Convenient Commands and Features" url="editor_convenientcommands.html" hash="455489506"/>
	<src id="appendix_license" title="JCreator Pro, License Agreement" url="appendix_license.html" hash="1556458244"/>
	<src id="menus_project" title="Project Menu" url="menus_project.html" hash="-1122432040"/>
	<src id="dialogs_newworkspace" title="New Workspace Dialog Box" url="dialogs_newworkspace.html" hash="-944738646"/>
	<src id="dialogs_classwizard" title="Class Wizard Dialog Box" url="dialogs_classwizard.html" hash="1980802069"/>
	<src id="dialogs_optionsoutputparser" title="Output Parser Pane" url="dialogs_optionsoutputparser.html" hash="-2020607481"/>
	<src id="dialogs_optionsfont" title="Font Pane" url="dialogs_optionsfont.html" hash="-1769517818"/>
	<src id="extending_usertools" title="User Tools" url="extending_usertools.html" hash="199581863"/>
	<src id="versioncontrol" title="Version Control" url="versioncontrol.html" hash="557601867"/>
	<src id="editor_howto_foldingcode" title="How to: Outline and Hide Code" url="editor_howto_foldingcode.html" hash="-2122259183"/>
	<src id="workspace_howto_customize" title="How to: Customize JCreator" url="workspace_howto_customize.html" hash="1163704708"/>
	<src id="workspace_howto_fullscreen" title="How to: Enable Fullscreen" url="workspace_howto_fullscreen.html" hash="-1404116260"/>
	<src id="workspace_howto_addtodoitems" title="How to: Add Todo Items" url="workspace_howto_addtodoitems.html" hash="159085388"/>
	<src id="workspace_howto_sortclassview" title="How to: Sort the Class View" url="workspace_howto_sortclassview.html" hash="-2136729145"/>
	<src id="dialogs_filesplitter" title="File Splitter Dialog Box" url="dialogs_filesplitter.html" hash="-574930794"/>
	<src id="dialogs_optionsgeneral" title="General Pane" url="dialogs_optionsgeneral.html" hash="-762252547"/>
	<src id="ant_howto_assigntargets" title="How to: Assign Commands to Ant Targets" url="ant_howto_assigntargets.html" hash="2056347778"/>
	<src id="versioncontrol_cvs" title="Setting up CVS" url="versioncontrol_cvs.html" hash="-193055073"/>
	<src id="buildingcode_howtoset_mainclass" title="How to: Set the Main Class" url="buildingcode_howtoset_mainclass.html" hash="201731818"/>
	<src id="editor_bookmarks" title="Setting Bookmarks" url="editor_bookmarks.html" hash="-549996921"/>
	<src id="editor_regularexpressions" title="Regular Expressions" url="editor_regularexpressions.html" hash="1402513856"/>
	<src id="introduction_features" title="Features" url="introduction_features.html" hash="-1166537225"/>
	<src id="menus_help" title="Help Menu" url="menus_help.html" hash="-1693002751"/>
	<src id="menus_build" title="Build Menu" url="menus_build.html" hash="-1695972871"/>
	<src id="dialogs_cvsupdate" title="Update Dialog Box" url="dialogs_cvsupdate.html" hash="83702550"/>
	<src id="customize_howto_command" title="How to: Delete a Menu or Menu Command " url="customize_howto_command.html" hash="466846434"/>
	<src id="buildingcode_run" title="Running Your Code" url="buildingcode_run.html" hash="992745042"/>
	<src id="appendix_shareware" title="Try Before You Buy" url="appendix_shareware.html" hash="803039328"/>
	<src id="dialogs_checkout" title="Checkout Dialog Box" url="dialogs_checkout.html" hash="-1842680339"/>
	<src id="dialogs_customizeoptions" title="Customize Options Pane" url="dialogs_customizeoptions.html" hash="-1688985894"/>
	<src id="dialogs_customizecommands" title="Customize Commands Pane" url="dialogs_customizecommands.html" hash="-1198921211"/>
	<src id="dialogs_optionsjdktools" title="JDK Tools Pane" url="dialogs_optionsjdktools.html" hash="955351925"/>
	<src id="dialogs_optionsdocuments" title="Documents Pane" url="dialogs_optionsdocuments.html" hash="-2083599246"/>
	<src id="dialogs" title="Dialog Windows" url="dialogs.html" hash="1349533046"/>
	<src id="customize_howto_reset" title="How to: Restore the Original Toolbar and Menu Settings " url="customize_howto_reset.html" hash="391023159"/>
	<src id="ant_howto_codecompletion" title="How to: Customize Ant Code Completion" url="ant_howto_codecompletion.html" hash="-1572603071"/>
	<src id="workspace_howto_resetlayout" title="How to: Reset the Workspace Layout" url="workspace_howto_resetlayout.html" hash="-1809636398"/>
	<src id="menus_window" title="Window Menu" url="menus_window.html" hash="-968681618"/>
	<src id="dialogs_setlibrary" title="Set Library Dialog Box" url="dialogs_setlibrary.html" hash="-2122302615"/>
	<src id="dialogs_compileworkspace" title="Build Workspace Dialog Box" url="dialogs_compileworkspace.html" hash="653028860"/>
	<src id="dialogs_optionsfileassociations" title="File Assocations Pane" url="dialogs_optionsfileassociations.html" hash="-1889153541"/>
	<src id="dialogs_optionstoolmacros" title="Tool Macros Pane" url="dialogs_optionstoolmacros.html" hash="1281923635"/>
	<src id="dialogs_optionstools" title="Tools Pane" url="dialogs_optionstools.html" hash="-424747854"/>
	<src id="extending_projtemplates" title="Project Templates" url="extending_projtemplates.html" hash="-1566470473"/>
	<src id="extending" title="Extending JCreator" url="extending.html" hash="-528955044"/>
	<src id="buildingcode_howtoconf_interpreter" title="How to: Configure the Interpreter" url="buildingcode_howtoconf_interpreter.html" hash="-215051853"/>
	<src id="buildingcode_build" title="Building Your Code" url="buildingcode_build.html" hash="-845668995"/>
	<src id="editor_findreplacefiles" title="Find and Replace in Files" url="editor_findreplacefiles.html" hash="-957401127"/>
	<src id="editor_navigate" title="Navigating Through Code" url="editor_navigate.html" hash="-1814020602"/>
	<src id="editor_howto_printcode" title="How to: Print Code from the Editor" url="editor_howto_printcode.html" hash="1651990259"/>
	<src id="introduction_help" title="Help Introduction" url="introduction_help.html" hash="-1531810967"/>
	<src id="dialogs_optionscodeinsertion" title="Code Insertion Pane" url="dialogs_optionscodeinsertion.html" hash="-1759331797"/>
	<src id="dialogs_optionsstartup" title="Startup Pane" url="dialogs_optionsstartup.html" hash="-1023161877"/>
	<src id="dialogs_optionsjdkprofiles" title="JDK Profiles Pane" url="dialogs_optionsjdkprofiles.html" hash="399282486"/>
	<src id="dialogs_optionsdirectories" title="Directories Pane" url="dialogs_optionsdirectories.html" hash="980589992"/>
	<src id="ant_howto_addsnippets" title="How to: Add Ant Code Snippets" url="ant_howto_addsnippets.html" hash="841345742"/>
	<src id="buildingcode_howtodisa_output" title="How to: Disable Capture Output" url="buildingcode_howtodisa_output.html" hash="1014012506"/>
	<src id="editor_codeaids" title="Coding Aids" url="editor_codeaids.html" hash="-1499587934"/>
	<src id="workspace_classview" title="Using the Class View and Package View" url="workspace_classview.html" hash="2128778771"/>
	<src id="menus_view" title="View Menu" url="menus_view.html" hash="-2037758236"/>
	<src id="dialogs_newtask" title="User Task Dialog" url="dialogs_newtask.html" hash="612752819"/>
	<src id="dialogs_jdkprofile" title="JDK Profile Dialog Box" url="dialogs_jdkprofile.html" hash="494896165"/>
	<src id="dialogs_filewizard" title="File Wizard Dialog Box" url="dialogs_filewizard.html" hash="1171496410"/>
	<src id="dialogs_classproperties" title="Insert Bean Methods Dialog Box" url="dialogs_classproperties.html" hash="-733759014"/>
	<src id="dialogs_findreplace" title="Replace Text Dialog Box" url="dialogs_findreplace.html" hash="802784690"/>
	<src id="dialogs_customize" title="Customize Dialog" url="dialogs_customize.html" hash="2077110151"/>
	<src id="dialogs_optionsoutputview" title="Output View Pane" url="dialogs_optionsoutputview.html" hash="-1268398152"/>
	<src id="customize" title="Customizing JCreator" url="customize.html" hash="-1971781973"/>
	<src id="ant_howto_conf" title="How to: Configure Ant" url="ant_howto_conf.html" hash="258396838"/>
	<src id="buildingcode_howtoconf_tomcat" title="How to: Use JCreator with Tomcat" url="buildingcode_howtoconf_tomcat.html" hash="585293945"/>
	<src id="editor_howto_dragdroptext" title="How to: Drag and Drop Text" url="editor_howto_dragdroptext.html" hash="-1414864010"/>
	<src id="appendix_website" title="JCreator Online" url="appendix_website.html" hash="1515637166"/>
	<src id="dialogs_startupwizard" title="Startup Wizard Dialog Box" url="dialogs_startupwizard.html" hash="41711686"/>
	<src id="dialogs_attachtoprocess" title="Attach to Process Dialog Box" url="dialogs_attachtoprocess.html" hash="-1825313203"/>
	<src id="dialogs_jdktools" title="Tool Configuration Dialog Box" url="dialogs_jdktools.html" hash="2082356954"/>
	<src id="dialogs_customizetoolbars" title="Customize Toolbars Pane" url="dialogs_customizetoolbars.html" hash="287301606"/>
	<src id="dialogs_optionstoolsettings" title="Tool Settings Pane" url="dialogs_optionstoolsettings.html" hash="-1163476751"/>
	<src id="dialogs_optionstemplates" title="Templates Pane" url="dialogs_optionstemplates.html" hash="-1113000622"/>
	<src id="dialogs_optionsprint" title="Printer Pane" url="dialogs_optionsprint.html" hash="-761512963"/>
	<src id="ant_examples" title="Ant Examples" url="ant_examples.html" hash="1149870840"/>
	<src id="debuggingcode_run" title="Debugging Your Code" url="debuggingcode_run.html" hash="319122516"/>
	<src id="workspace_howto_newproject" title="How to: Create a Project" url="workspace_howto_newproject.html" hash="868539826"/>
	<src id="dialogs_projectsettings" title="Project Settings Dialog Box" url="dialogs_projectsettings.html" hash="-115965289"/>
	<src id="dialogs_newvariabledialogbox" title="New Variable Dialog Box Pane" url="dialogs_newvariabledialogbox.html" hash="1900670302"/>
	<src id="dialogs_implinterfaces" title="Implement Interfaces Dialog Box" url="dialogs_implinterfaces.html" hash="1331642695"/>
	<src id="dialogs_optionstaskview" title="Task View Pane" url="dialogs_optionstaskview.html" hash="53826555"/>
	<src id="dialogs_optionsclassview" title="Class View Pane" url="dialogs_optionsclassview.html" hash="-1846045554"/>
	<src id="debuggingcode_howtoconf_tomcat" title="How to: Debug Servlets with Tomcat" url="debuggingcode_howtoconf_tomcat.html" hash="-1370039157"/>
	<src id="debuggingcode_howtoset_watch" title="How to: Set a Variable Watch" url="debuggingcode_howtoset_watch.html" hash="624274711"/>
	<src id="buildingcode_howtodisa_taskview" title="How to: Disable the Task View" url="buildingcode_howtodisa_taskview.html" hash="542823988"/>
	<src id="editor_codecompletion" title="Using Code Completion" url="editor_codecompletion.html" hash="-1820217452"/>
	<src id="editor_howto_customize" title="How to: Customize the Editor" url="editor_howto_customize.html" hash="1282878563"/>
	<src id="editor_overview" title="Editing Overview" url="editor_overview.html" hash="-578477443"/>
	<src id="editor" title="Editing Code" url="editor.html" hash="1155766473"/>
	<src id="workspace_taskview" title="Using the Task View" url="workspace_taskview.html" hash="-1232517205"/>
	<src id="getstarted" title="Getting Started" url="getstarted.html" hash="-1403111363"/>
	<src id="appendix_copyrights" title="Copyright © 2000-2008 Xinox Software" url="appendix_copyrights.html" hash="-801700190"/>
	<src id="glossary" title="Glossary" url="glossary.html" hash="-556314123"/>
	<src id="menus" title="Menu Commands" url="menus.html" hash="-632982788"/>
	<src id="dialogs_newmethod" title="New Method Dialog Box" url="dialogs_newmethod.html" hash="352222930"/>
	<src id="dialogs_cvsstatus" title="Status Dialog Box" url="dialogs_cvsstatus.html" hash="1107226393"/>
	<src id="dialogs_cvsproperties" title="CVS Properties Dialog Box" url="dialogs_cvsproperties.html" hash="-1594638236"/>
	<src id="dialogs_optionsclassdoc" title="Class Document Pane" url="dialogs_optionsclassdoc.html" hash="1411956833"/>
	<src id="customize_howto_addcommand" title="How to: Add a Command to a Menu " url="customize_howto_addcommand.html" hash="-1781904629"/>
	<src id="editor_findreplace" title="Find and Replace" url="editor_findreplace.html" hash="2115770038"/>
	<src id="editor_howto_commentselection" title="How to: Comment a Selection" url="editor_howto_commentselection.html" hash="-1495736919"/>
	<src id="introduction" title="Introduction" url="introduction.html" hash="583656058"/>
	<src id="appendix" title="Appendix" url="appendix.html" hash="1720502527"/>
	<src id="menus_configure" title="Configure Menu" url="menus_configure.html" hash="1495172993"/>
	<src id="dialogs_setmain" title="Set Main Method Arguments Dialog Box" url="dialogs_setmain.html" hash="-1099198965"/>
	<src id="dialogs_optionsworkspace" title="Workspace Pane" url="dialogs_optionsworkspace.html" hash="-120095026"/>
	<src id="customize_howto_addbutton" title="How to: Add a Button to a Toolbar " url="customize_howto_addbutton.html" hash="424197055"/>
	<src id="ant_howto_runtarget" title="How to: Run Ant Targets" url="ant_howto_runtarget.html" hash="1694354686"/>
	<src id="ant_howto_addbuilds" title="How to: Add Ant Build Files" url="ant_howto_addbuilds.html" hash="818806291"/>
	<src id="workspace" title="The Workspace" url="workspace.html" hash="1435728706"/>
	<src id="getstarted_console" title="Creating a Java Console Application" url="getstarted_console.html" hash="-1724715815"/>
	<src id="glossary_terms" title="Glossary" url="glossary_terms.html" hash="-717335931"/>
	<src id="menus_edit" title="Edit Menu" url="menus_edit.html" hash="-1976926648"/>
	<src id="dialogs_setruntimeconf" title="Set Runtime Configuration Dialog Box" url="dialogs_setruntimeconf.html" hash="-315679920"/>
	<src id="dialogs_cvsunedit" title="UnEdit Dialog Box" url="dialogs_cvsunedit.html" hash="362682193"/>
	<src id="dialogs_versioncontrol" title="Version Control" url="dialogs_versioncontrol.html" hash="664911315"/>
	<src id="dialogs_optionseditor" title="Editor Pane" url="dialogs_optionseditor.html" hash="-1856440277"/>
	<src id="customize_howto_delbutton" title="How to: Delete a Toolbar Button" url="customize_howto_delbutton.html" hash="588118755"/>
	<src id="extending_addclassdocs" title="Custom Syntax Highlighting" url="extending_addclassdocs.html" hash="883234239"/>
	<src id="buildingcode_howtoswitch_profiles" title="How to: Change JDK Profiles" url="buildingcode_howtoswitch_profiles.html" hash="-1655753604"/>
	<src id="buildingcode" title="Building and Running Code" url="buildingcode.html" hash="82379686"/>
	<src id="editor_wordcompletion" title="Using Word Completion" url="editor_wordcompletion.html" hash="-1044681717"/>
	<src id="workspace_outputviews" title="Using the Output Views" url="workspace_outputviews.html" hash="-543223138"/>
</sources>