<?xml version="1.0" encoding="UTF-8"?>
<!--Modified on Tuesday January 08 16:09:09, 2008 -->

<book_search>
	<index id="w" url="search\index_w.xml"/>
	<index id="f" url="search\index_f.xml"/>
	<index id="x" url="search\index_x.xml"/>
	<index id="g" url="search\index_g.xml"/>
	<index id="h" url="search\index_h.xml"/>
	<index id="y" url="search\index_y.xml"/>
	<index id="z" url="search\index_z.xml"/>
	<index id="i" url="search\index_i.xml"/>
	<index id="j" url="search\index_j.xml"/>
	<index id="k" url="search\index_k.xml"/>
	<index id="l" url="search\index_l.xml"/>
	<index id="~" url="search\index_~.xml"/>
	<index id="m" url="search\index_m.xml"/>
	<index id="n" url="search\index_n.xml"/>
	<index id="o" url="search\index_o.xml"/>
	<index id="p" url="search\index_p.xml"/>
	<index id="q" url="search\index_q.xml"/>
	<index id="r" url="search\index_r.xml"/>
	<index id="a" url="search\index_a.xml"/>
	<index id="b" url="search\index_b.xml"/>
	<index id="s" url="search\index_s.xml"/>
	<index id="t" url="search\index_t.xml"/>
	<index id="c" url="search\index_c.xml"/>
	<index id="u" url="search\index_u.xml"/>
	<index id="d" url="search\index_d.xml"/>
	<index id="v" url="search\index_v.xml"/>
	<index id="e" url="search\index_e.xml"/>
</book_search>