<?xml version="1.0" encoding="UTF-8"?>
<!--Modified on Tuesday January 08 16:09:09, 2008 -->

<index id="k">
	<word id="keyword">
		<source id="dialogs_classwizard.html" title="Class Wizard Dialog Box" url="dialogs_classwizard.html"/>
		<source id="dialogs_interfacewizard.html" title="Interface Wizard Dialog Box" url="dialogs_interfacewizard.html"/>
		<source id="getstarted_console.html" title="Creating a Java Console Application" url="getstarted_console.html"/>
	</word>
	<word id="kopts">
		<source id="dialogs_cvsupdate.html" title="Update Dialog Box" url="dialogs_cvsupdate.html"/>
	</word>
	<word id="keys">
		<source id="dialogs_customizekeyboard.html" title="Customize Keyboard Pane" url="dialogs_customizekeyboard.html"/>
		<source id="dialogs_customizeoptions.html" title="Customize Options Pane" url="dialogs_customizeoptions.html"/>
		<source id="dialogs_optionscodecompletion.html" title="Code Completion Pane" url="dialogs_optionscodecompletion.html"/>
		<source id="dialogs_optionstemplates.html" title="Templates Pane" url="dialogs_optionstemplates.html"/>
		<source id="editor_codecompletion.html" title="Using Code Completion" url="editor_codecompletion.html"/>
		<source id="editor_codesnippets.html" title="Using Code Snippets" url="editor_codesnippets.html"/>
		<source id="menus_configure.html" title="Configure Menu" url="menus_configure.html"/>
	</word>
	<word id="kind">
		<source id="debuggingcode_run.html" title="Debugging Your Code" url="debuggingcode_run.html"/>
	</word>
	<word id="keep">
		<source id="appendix_order.html" title="Ordering JCreator" url="appendix_order.html"/>
		<source id="buildingcode_build.html" title="Building Your Code" url="buildingcode_build.html"/>
		<source id="debuggingcode_run.html" title="Debugging Your Code" url="debuggingcode_run.html"/>
	</word>
	<word id="k">
		<source id="ant_examples.html" title="Ant Examples" url="ant_examples.html"/>
		<source id="ant_howto_addbuilds.html" title="How to: Add Ant Build Files" url="ant_howto_addbuilds.html"/>
		<source id="ant_howto_assigntargets.html" title="How to: Assign Commands to Ant Targets" url="ant_howto_assigntargets.html"/>
		<source id="ant_howto_runtarget.html" title="How to: Run Ant Targets" url="ant_howto_runtarget.html"/>
		<source id="ant_view.html" title="Ant View" url="ant_view.html"/>
		<source id="appendix_shareware.html" title="Try Before You Buy" url="appendix_shareware.html"/>
		<source id="buildingcode_howtoconf_jikes.html" title="How to: Configure the Jikes Compiler" url="buildingcode_howtoconf_jikes.html"/>
		<source id="buildingcode_howtoconf_tomcat.html" title="How to: Use JCreator with Tomcat" url="buildingcode_howtoconf_tomcat.html"/>
		<source id="customize_howto_button.html" title="How to: Change a Toolbar Button&apos;s Appearance " url="customize_howto_button.html"/>
		<source id="customize_howto_command.html" title="How to: Delete a Menu or Menu Command " url="customize_howto_command.html"/>
		<source id="customize_howto_delbutton.html" title="How to: Delete a Toolbar Button" url="customize_howto_delbutton.html"/>
		<source id="debuggingcode_context.html" title="Current Context in the Debugger" url="debuggingcode_context.html"/>
		<source id="debuggingcode_howtoconf_tomcat.html" title="How to: Debug Servlets with Tomcat" url="debuggingcode_howtoconf_tomcat.html"/>
		<source id="debuggingcode_howtoset_watch.html" title="How to: Set a Variable Watch" url="debuggingcode_howtoset_watch.html"/>
		<source id="debuggingcode_run.html" title="Debugging Your Code" url="debuggingcode_run.html"/>
		<source id="dialogs_customizetoolbars.html" title="Customize Toolbars Pane" url="dialogs_customizetoolbars.html"/>
		<source id="dialogs_cvsaddoptions.html" title="Add Options Dialog Box" url="dialogs_cvsaddoptions.html"/>
		<source id="dialogs_cvscommit.html" title="Commit Dialog Box" url="dialogs_cvscommit.html"/>
		<source id="dialogs_cvsedit.html" title="Edit Dialog Box" url="dialogs_cvsedit.html"/>
		<source id="dialogs_cvsproperties.html" title="CVS Properties Dialog Box" url="dialogs_cvsproperties.html"/>
		<source id="dialogs_cvsremove.html" title="Remove Dialog Box" url="dialogs_cvsremove.html"/>
		<source id="dialogs_cvsstatus.html" title="Status Dialog Box" url="dialogs_cvsstatus.html"/>
		<source id="dialogs_cvsunedit.html" title="UnEdit Dialog Box" url="dialogs_cvsunedit.html"/>
		<source id="dialogs_cvsupdate.html" title="Update Dialog Box" url="dialogs_cvsupdate.html"/>
		<source id="dialogs_filewizard.html" title="File Wizard Dialog Box" url="dialogs_filewizard.html"/>
		<source id="dialogs_optionsgeneral.html" title="General Pane" url="dialogs_optionsgeneral.html"/>
		<source id="dialogs_optionsoutputparser.html" title="Output Parser Pane" url="dialogs_optionsoutputparser.html"/>
		<source id="dialogs_optionstoolmacros.html" title="Tool Macros Pane" url="dialogs_optionstoolmacros.html"/>
		<source id="dialogs_optionstools.html" title="Tools Pane" url="dialogs_optionstools.html"/>
		<source id="dialogs_optionsworkspace.html" title="Workspace Pane" url="dialogs_optionsworkspace.html"/>
		<source id="dialogs_projectsettings.html" title="Project Settings Dialog Box" url="dialogs_projectsettings.html"/>
		<source id="dialogs_startupwizard.html" title="Startup Wizard Dialog Box" url="dialogs_startupwizard.html"/>
		<source id="editor_codecompletion.html" title="Using Code Completion" url="editor_codecompletion.html"/>
		<source id="editor_codesnippets.html" title="Using Code Snippets" url="editor_codesnippets.html"/>
		<source id="editor_convenientcommands.html" title="Convenient Commands and Features" url="editor_convenientcommands.html"/>
		<source id="editor_wordcompletion.html" title="Using Word Completion" url="editor_wordcompletion.html"/>
		<source id="extending_filetemplates.html" title="File Templates" url="extending_filetemplates.html"/>
		<source id="getstarted_console.html" title="Creating a Java Console Application" url="getstarted_console.html"/>
		<source id="getstarted_installation.html" title="Installation and Setup" url="getstarted_installation.html"/>
		<source id="glossary_terms.html" title="Glossary" url="glossary_terms.html"/>
		<source id="introduction_about.html" title="About JCreator" url="introduction_about.html"/>
		<source id="introduction_help.html" title="Help Introduction" url="introduction_help.html"/>
		<source id="menus_edit.html" title="Edit Menu" url="menus_edit.html"/>
		<source id="menus_edit_le.html" title="Edit Menu" url="menus_edit_le.html"/>
		<source id="workspace_classview.html" title="Using the Class View and Package View" url="workspace_classview.html"/>
		<source id="workspace_fileview.html" title="Using File View" url="workspace_fileview.html"/>
		<source id="workspace_howto_addtodoitems.html" title="How to: Add Todo Items" url="workspace_howto_addtodoitems.html"/>
		<source id="workspace_howto_sortclassview.html" title="How to: Sort the Class View" url="workspace_howto_sortclassview.html"/>
		<source id="workspace_overview.html" title="Workspace Overview" url="workspace_overview.html"/>
		<source id="workspace_taskview.html" title="Using the Task View" url="workspace_taskview.html"/>
	</word>
	<word id="keywords">
		<source id="ant_codecompletion.html" title="Using Ant Code Completion" url="ant_codecompletion.html"/>
		<source id="ant_howto_codecompletion.html" title="How to: Customize Ant Code Completion" url="ant_howto_codecompletion.html"/>
		<source id="dialogs_optionscodecompletion.html" title="Code Completion Pane" url="dialogs_optionscodecompletion.html"/>
	</word>
	<word id="keyboard">
		<source id="dialogs_customize.html" title="Customize Dialog" url="dialogs_customize.html"/>
		<source id="dialogs_customizekeyboard.html" title="Customize Keyboard Pane" url="dialogs_customizekeyboard.html"/>
		<source id="editor_howto_customize.html" title="How to: Customize the Editor" url="editor_howto_customize.html"/>
		<source id="introduction_features.html" title="Features" url="introduction_features.html"/>
		<source id="workspace_howto_customize.html" title="How to: Customize JCreator" url="workspace_howto_customize.html"/>
	</word>
	<word id="kinds">
		<source id="buildingcode_build.html" title="Building Your Code" url="buildingcode_build.html"/>
		<source id="debuggingcode_run.html" title="Debugging Your Code" url="debuggingcode_run.html"/>
	</word>
	<word id="key">
		<source id="appendix_license.html" title="JCreator Pro, License Agreement" url="appendix_license.html"/>
		<source id="dialogs_customizekeyboard.html" title="Customize Keyboard Pane" url="dialogs_customizekeyboard.html"/>
		<source id="dialogs_customizeoptions.html" title="Customize Options Pane" url="dialogs_customizeoptions.html"/>
		<source id="dialogs_optionscodecompletion.html" title="Code Completion Pane" url="dialogs_optionscodecompletion.html"/>
		<source id="dialogs_windows.html" title="Windows Dialog Box" url="dialogs_windows.html"/>
		<source id="editor_convenientcommands.html" title="Convenient Commands and Features" url="editor_convenientcommands.html"/>
		<source id="editor_howto_dragdroptext.html" title="How to: Drag and Drop Text" url="editor_howto_dragdroptext.html"/>
		<source id="glossary_terms.html" title="Glossary" url="glossary_terms.html"/>
		<source id="workspace_overview.html" title="Workspace Overview" url="workspace_overview.html"/>
	</word>
	<word id="know">
		<source id="appendix_license.html" title="JCreator Pro, License Agreement" url="appendix_license.html"/>
	</word>
	<word id="known">
		<source id="debuggingcode.html" title="Debugging Code" url="debuggingcode.html"/>
	</word>
	<word id="kit">
		<source id="dialogs_startupwizard.html" title="Startup Wizard Dialog Box" url="dialogs_startupwizard.html"/>
		<source id="getstarted_installation.html" title="Installation and Setup" url="getstarted_installation.html"/>
		<source id="glossary_terms.html" title="Glossary" url="glossary_terms.html"/>
		<source id="introduction_about.html" title="About JCreator" url="introduction_about.html"/>
	</word>
</index>