<?xml version="1.0" encoding="UTF-8"?>
<!--Modified on Tuesday January 08 16:09:09, 2008 -->

<index id="h">
	<word id="hexadecimal">
		<source id="editor_regularexpressions.html" title="Regular Expressions" url="editor_regularexpressions.html"/>
	</word>
	<word id="herewith">
		<source id="appendix_license.html" title="JCreator Pro, License Agreement" url="appendix_license.html"/>
		<source id="appendix_license_le.html" title="JCreator LE, License Agreement" url="appendix_license_le.html"/>
	</word>
	<word id="heavy">
		<source id="introduction_about.html" title="About JCreator" url="introduction_about.html"/>
	</word>
	<word id="halt">
		<source id="glossary_terms.html" title="Glossary" url="glossary_terms.html"/>
	</word>
	<word id="here">
		<source id="dialogs_optionstemplates.html" title="Templates Pane" url="dialogs_optionstemplates.html"/>
		<source id="workspace_howto_newproject.html" title="How to: Create a Project" url="workspace_howto_newproject.html"/>
	</word>
	<word id="hack">
		<source id="dialogs_optionstaskview.html" title="Task View Pane" url="dialogs_optionstaskview.html"/>
	</word>
	<word id="highlights">
		<source id="dialogs_optionsclassview.html" title="Class View Pane" url="dialogs_optionsclassview.html"/>
		<source id="dialogs_optionscolors.html" title="Colors Pane" url="dialogs_optionscolors.html"/>
		<source id="dialogs_optionsfileview.html" title="File View Pane" url="dialogs_optionsfileview.html"/>
		<source id="versioncontrol_cvs.html" title="Setting up CVS" url="versioncontrol_cvs.html"/>
		<source id="workspace_howto_sortclassview.html" title="How to: Sort the Class View" url="workspace_howto_sortclassview.html"/>
	</word>
	<word id="help">
		<source id="buildingcode_build.html" title="Building Your Code" url="buildingcode_build.html"/>
		<source id="dialogs.html" title="Dialog Windows" url="dialogs.html"/>
		<source id="dialogs_findhelp.html" title="Find Help Topic Dialog Box" url="dialogs_findhelp.html"/>
		<source id="dialogs_le.html" title="Dialog Windows" url="dialogs_le.html"/>
		<source id="dialogs_optionstools.html" title="Tools Pane" url="dialogs_optionstools.html"/>
		<source id="getstarted_console.html" title="Creating a Java Console Application" url="getstarted_console.html"/>
		<source id="index.html" title="Index" url="index.html"/>
		<source id="introduction.html" title="Introduction" url="introduction.html"/>
		<source id="introduction_features.html" title="Features" url="introduction_features.html"/>
		<source id="introduction_help.html" title="Help Introduction" url="introduction_help.html"/>
		<source id="menus.html" title="Menu Commands" url="menus.html"/>
		<source id="menus_help.html" title="Help Menu" url="menus_help.html"/>
		<source id="menus_le.html" title="Menu Commands" url="menus_le.html"/>
		<source id="workspace_outputviews.html" title="Using the Output Views" url="workspace_outputviews.html"/>
		<source id="workspace_overview.html" title="Workspace Overview" url="workspace_overview.html"/>
	</word>
	<word id="hazardous">
		<source id="appendix_license.html" title="JCreator Pro, License Agreement" url="appendix_license.html"/>
		<source id="appendix_license_le.html" title="JCreator LE, License Agreement" url="appendix_license_le.html"/>
	</word>
	<word id="handy">
		<source id="dialogs_runtimeconfigs.html" title="Runtime Configuration Dialog Box" url="dialogs_runtimeconfigs.html"/>
		<source id="workspace_taskview.html" title="Using the Task View" url="workspace_taskview.html"/>
	</word>
	<word id="high">
		<source id="appendix_license.html" title="JCreator Pro, License Agreement" url="appendix_license.html"/>
		<source id="appendix_license_le.html" title="JCreator LE, License Agreement" url="appendix_license_le.html"/>
		<source id="buildingcode_howtoconf_interpreter.html" title="How to: Configure the Interpreter" url="buildingcode_howtoconf_interpreter.html"/>
		<source id="glossary_terms.html" title="Glossary" url="glossary_terms.html"/>
		<source id="workspace_taskview.html" title="Using the Task View" url="workspace_taskview.html"/>
	</word>
	<word id="hide">
		<source id="ant_view.html" title="Ant View" url="ant_view.html"/>
		<source id="dialogs_customizeoptions.html" title="Customize Options Pane" url="dialogs_customizeoptions.html"/>
		<source id="dialogs_customizetoolbars.html" title="Customize Toolbars Pane" url="dialogs_customizetoolbars.html"/>
		<source id="dialogs_cvsaddoptions.html" title="Add Options Dialog Box" url="dialogs_cvsaddoptions.html"/>
		<source id="dialogs_cvscommit.html" title="Commit Dialog Box" url="dialogs_cvscommit.html"/>
		<source id="dialogs_cvsedit.html" title="Edit Dialog Box" url="dialogs_cvsedit.html"/>
		<source id="dialogs_cvsremove.html" title="Remove Dialog Box" url="dialogs_cvsremove.html"/>
		<source id="dialogs_cvsstatus.html" title="Status Dialog Box" url="dialogs_cvsstatus.html"/>
		<source id="dialogs_cvsunedit.html" title="UnEdit Dialog Box" url="dialogs_cvsunedit.html"/>
		<source id="dialogs_cvsupdate.html" title="Update Dialog Box" url="dialogs_cvsupdate.html"/>
		<source id="dialogs_optionsclassview.html" title="Class View Pane" url="dialogs_optionsclassview.html"/>
		<source id="dialogs_optionsfolding.html" title="Folding Pane" url="dialogs_optionsfolding.html"/>
		<source id="dialogs_optionsgeneral.html" title="General Pane" url="dialogs_optionsgeneral.html"/>
		<source id="editor_howto_foldingcode.html" title="How to: Outline and Hide Code" url="editor_howto_foldingcode.html"/>
		<source id="editor_overview.html" title="Editing Overview" url="editor_overview.html"/>
		<source id="glossary_terms.html" title="Glossary" url="glossary_terms.html"/>
		<source id="menus_edit.html" title="Edit Menu" url="menus_edit.html"/>
		<source id="menus_edit_le.html" title="Edit Menu" url="menus_edit_le.html"/>
		<source id="menus_view.html" title="View Menu" url="menus_view.html"/>
		<source id="menus_view_le.html" title="View Menu" url="menus_view_le.html"/>
		<source id="workspace_howto_sortclassview.html" title="How to: Sort the Class View" url="workspace_howto_sortclassview.html"/>
	</word>
	<word id="h">
		<source id="ant_examples.html" title="Ant Examples" url="ant_examples.html"/>
		<source id="ant_howto_addsnippets.html" title="How to: Add Ant Code Snippets" url="ant_howto_addsnippets.html"/>
		<source id="appendix_license.html" title="JCreator Pro, License Agreement" url="appendix_license.html"/>
		<source id="appendix_license_le.html" title="JCreator LE, License Agreement" url="appendix_license_le.html"/>
		<source id="appendix_order.html" title="Ordering JCreator" url="appendix_order.html"/>
		<source id="buildingcode_build.html" title="Building Your Code" url="buildingcode_build.html"/>
		<source id="buildingcode_howtoconf_tomcat.html" title="How to: Use JCreator with Tomcat" url="buildingcode_howtoconf_tomcat.html"/>
		<source id="debuggingcode_howtoconf_tomcat.html" title="How to: Debug Servlets with Tomcat" url="debuggingcode_howtoconf_tomcat.html"/>
		<source id="debuggingcode_run.html" title="Debugging Your Code" url="debuggingcode_run.html"/>
		<source id="dialogs_checkout.html" title="Checkout Dialog Box" url="dialogs_checkout.html"/>
		<source id="dialogs_cvsproperties.html" title="CVS Properties Dialog Box" url="dialogs_cvsproperties.html"/>
		<source id="dialogs_jdktools.html" title="Tool Configuration Dialog Box" url="dialogs_jdktools.html"/>
		<source id="dialogs_optionsfileview.html" title="File View Pane" url="dialogs_optionsfileview.html"/>
		<source id="dialogs_optionstemplates.html" title="Templates Pane" url="dialogs_optionstemplates.html"/>
		<source id="dialogs_optionstoolmacros.html" title="Tool Macros Pane" url="dialogs_optionstoolmacros.html"/>
		<source id="dialogs_optionstools.html" title="Tools Pane" url="dialogs_optionstools.html"/>
		<source id="dialogs_optionstoolsettings.html" title="Tool Settings Pane" url="dialogs_optionstoolsettings.html"/>
		<source id="dialogs_outputexpressions.html" title="Output Expression Properties Dialog Box" url="dialogs_outputexpressions.html"/>
		<source id="dialogs_setmain.html" title="Set Main Method Arguments Dialog Box" url="dialogs_setmain.html"/>
		<source id="editor_wordcompletion.html" title="Using Word Completion" url="editor_wordcompletion.html"/>
		<source id="extending_filetemplates.html" title="File Templates" url="extending_filetemplates.html"/>
		<source id="extending_projtemplates.html" title="Project Templates" url="extending_projtemplates.html"/>
		<source id="getstarted_console.html" title="Creating a Java Console Application" url="getstarted_console.html"/>
		<source id="glossary_terms.html" title="Glossary" url="glossary_terms.html"/>
		<source id="introduction_about.html" title="About JCreator" url="introduction_about.html"/>
		<source id="introduction_features.html" title="Features" url="introduction_features.html"/>
		<source id="introduction_help.html" title="Help Introduction" url="introduction_help.html"/>
		<source id="versioncontrol_cvs.html" title="Setting up CVS" url="versioncontrol_cvs.html"/>
		<source id="workspace_fileview.html" title="Using File View" url="workspace_fileview.html"/>
		<source id="workspace_outputviews.html" title="Using the Output Views" url="workspace_outputviews.html"/>
		<source id="workspace_overview.html" title="Workspace Overview" url="workspace_overview.html"/>
	</word>
	<word id="highlighted">
		<source id="editor_howto_dragdroptext.html" title="How to: Drag and Drop Text" url="editor_howto_dragdroptext.html"/>
	</word>
	<word id="helloworld">
		<source id="ant_examples.html" title="Ant Examples" url="ant_examples.html"/>
		<source id="buildingcode_build.html" title="Building Your Code" url="buildingcode_build.html"/>
	</word>
	<word id="has">
		<source id="ant_codecompletion.html" title="Using Ant Code Completion" url="ant_codecompletion.html"/>
		<source id="ant_examples.html" title="Ant Examples" url="ant_examples.html"/>
		<source id="ant_howto_addbuilds.html" title="How to: Add Ant Build Files" url="ant_howto_addbuilds.html"/>
		<source id="appendix_license.html" title="JCreator Pro, License Agreement" url="appendix_license.html"/>
		<source id="appendix_license_le.html" title="JCreator LE, License Agreement" url="appendix_license_le.html"/>
		<source id="appendix_shareware.html" title="Try Before You Buy" url="appendix_shareware.html"/>
		<source id="dialogs_checkout.html" title="Checkout Dialog Box" url="dialogs_checkout.html"/>
		<source id="dialogs_cvscommit.html" title="Commit Dialog Box" url="dialogs_cvscommit.html"/>
		<source id="dialogs_cvsremove.html" title="Remove Dialog Box" url="dialogs_cvsremove.html"/>
		<source id="dialogs_cvsupdate.html" title="Update Dialog Box" url="dialogs_cvsupdate.html"/>
		<source id="dialogs_jdktools.html" title="Tool Configuration Dialog Box" url="dialogs_jdktools.html"/>
		<source id="dialogs_optionseditor.html" title="Editor Pane" url="dialogs_optionseditor.html"/>
		<source id="dialogs_optionsgeneral.html" title="General Pane" url="dialogs_optionsgeneral.html"/>
		<source id="dialogs_optionsjdktools.html" title="JDK Tools Pane" url="dialogs_optionsjdktools.html"/>
		<source id="dialogs_optionstoolsettings.html" title="Tool Settings Pane" url="dialogs_optionstoolsettings.html"/>
		<source id="dialogs_projectsettings.html" title="Project Settings Dialog Box" url="dialogs_projectsettings.html"/>
		<source id="editor_codecompletion.html" title="Using Code Completion" url="editor_codecompletion.html"/>
		<source id="editor_codesnippets.html" title="Using Code Snippets" url="editor_codesnippets.html"/>
		<source id="editor_regularexpressions.html" title="Regular Expressions" url="editor_regularexpressions.html"/>
		<source id="introduction_about.html" title="About JCreator" url="introduction_about.html"/>
		<source id="menus_file.html" title="File Menu" url="menus_file.html"/>
		<source id="menus_view.html" title="View Menu" url="menus_view.html"/>
		<source id="menus_view_le.html" title="View Menu" url="menus_view_le.html"/>
		<source id="menus_window.html" title="Window Menu" url="menus_window.html"/>
	</word>
	<word id="homepage">
		<source id="appendix_website.html" title="JCreator Online" url="appendix_website.html"/>
	</word>
	<word id="hardware">
		<source id="appendix_license.html" title="JCreator Pro, License Agreement" url="appendix_license.html"/>
	</word>
	<word id="horizontal">
		<source id="dialogs_optionseditor.html" title="Editor Pane" url="dialogs_optionseditor.html"/>
	</word>
	<word id="highlighting">
		<source id="buildingcode_howtoconf_tomcat.html" title="How to: Use JCreator with Tomcat" url="buildingcode_howtoconf_tomcat.html"/>
		<source id="dialogs_optionssyntax.html" title="Syntax Pane" url="dialogs_optionssyntax.html"/>
		<source id="extending.html" title="Extending JCreator" url="extending.html"/>
		<source id="extending_addclassdocs.html" title="Custom Syntax Highlighting" url="extending_addclassdocs.html"/>
		<source id="getstarted_console.html" title="Creating a Java Console Application" url="getstarted_console.html"/>
		<source id="index.html" title="Index" url="index.html"/>
		<source id="introduction_features.html" title="Features" url="introduction_features.html"/>
	</word>
	<word id="horizontally">
		<source id="dialogs_windows.html" title="Windows Dialog Box" url="dialogs_windows.html"/>
	</word>
	<word id="height">
		<source id="dialogs_windows.html" title="Windows Dialog Box" url="dialogs_windows.html"/>
	</word>
	<word id="hosting">
		<source id="buildingcode_howtoconf_tomcat.html" title="How to: Use JCreator with Tomcat" url="buildingcode_howtoconf_tomcat.html"/>
		<source id="debuggingcode_howtoconf_tomcat.html" title="How to: Debug Servlets with Tomcat" url="debuggingcode_howtoconf_tomcat.html"/>
		<source id="glossary_terms.html" title="Glossary" url="glossary_terms.html"/>
	</word>
	<word id="hereby">
		<source id="appendix_license.html" title="JCreator Pro, License Agreement" url="appendix_license.html"/>
		<source id="appendix_license_le.html" title="JCreator LE, License Agreement" url="appendix_license_le.html"/>
	</word>
	<word id="highlight">
		<source id="ant_howto_addsnippets.html" title="How to: Add Ant Code Snippets" url="ant_howto_addsnippets.html"/>
		<source id="buildingcode_howtoconf_compiler.html" title="How to: Configure the Compiler" url="buildingcode_howtoconf_compiler.html"/>
		<source id="buildingcode_howtoset_mainclass.html" title="How to: Set the Main Class" url="buildingcode_howtoset_mainclass.html"/>
		<source id="dialogs_optionscolors.html" title="Colors Pane" url="dialogs_optionscolors.html"/>
		<source id="editor_codecompletion.html" title="Using Code Completion" url="editor_codecompletion.html"/>
		<source id="editor_codesnippets.html" title="Using Code Snippets" url="editor_codesnippets.html"/>
		<source id="editor_howto_commentselection.html" title="How to: Comment a Selection" url="editor_howto_commentselection.html"/>
		<source id="editor_howto_dragdroptext.html" title="How to: Drag and Drop Text" url="editor_howto_dragdroptext.html"/>
		<source id="getstarted_console.html" title="Creating a Java Console Application" url="getstarted_console.html"/>
	</word>
	<word id="hundreds">
		<source id="introduction_about.html" title="About JCreator" url="introduction_about.html"/>
	</word>
	<word id="hyperlinks">
		<source id="dialogs_optionscodecompletion.html" title="Code Completion Pane" url="dialogs_optionscodecompletion.html"/>
	</word>
	<word id="host">
		<source id="dialogs_checkout.html" title="Checkout Dialog Box" url="dialogs_checkout.html"/>
		<source id="dialogs_cvsproperties.html" title="CVS Properties Dialog Box" url="dialogs_cvsproperties.html"/>
	</word>
	<word id="http">
		<source id="appendix_order.html" title="Ordering JCreator" url="appendix_order.html"/>
		<source id="appendix_website.html" title="JCreator Online" url="appendix_website.html"/>
		<source id="buildingcode_howtoconf_jikes.html" title="How to: Configure the Jikes Compiler" url="buildingcode_howtoconf_jikes.html"/>
		<source id="buildingcode_howtoconf_tomcat.html" title="How to: Use JCreator with Tomcat" url="buildingcode_howtoconf_tomcat.html"/>
		<source id="buildingcode_howtoswitch_profiles.html" title="How to: Change JDK Profiles" url="buildingcode_howtoswitch_profiles.html"/>
		<source id="debuggingcode_howtoconf_tomcat.html" title="How to: Debug Servlets with Tomcat" url="debuggingcode_howtoconf_tomcat.html"/>
		<source id="getstarted_installation.html" title="Installation and Setup" url="getstarted_installation.html"/>
		<source id="glossary_terms.html" title="Glossary" url="glossary_terms.html"/>
		<source id="versioncontrol_cvs.html" title="Setting up CVS" url="versioncontrol_cvs.html"/>
	</word>
	<word id="however">
		<source id="appendix_license.html" title="JCreator Pro, License Agreement" url="appendix_license.html"/>
		<source id="appendix_license_le.html" title="JCreator LE, License Agreement" url="appendix_license_le.html"/>
		<source id="buildingcode_howtoconf_classpath.html" title="How to: Configure the Classpath" url="buildingcode_howtoconf_classpath.html"/>
		<source id="dialogs_cvsaddoptions.html" title="Add Options Dialog Box" url="dialogs_cvsaddoptions.html"/>
		<source id="dialogs_cvsremove.html" title="Remove Dialog Box" url="dialogs_cvsremove.html"/>
		<source id="editor_findreplacefiles.html" title="Find and Replace in Files" url="editor_findreplacefiles.html"/>
		<source id="glossary_terms.html" title="Glossary" url="glossary_terms.html"/>
		<source id="workspace_classview.html" title="Using the Class View and Package View" url="workspace_classview.html"/>
	</word>
	<word id="helpful">
		<source id="editor_howto_foldingcode.html" title="How to: Outline and Hide Code" url="editor_howto_foldingcode.html"/>
		<source id="editor_wordcompletion.html" title="Using Word Completion" url="editor_wordcompletion.html"/>
		<source id="glossary_terms.html" title="Glossary" url="glossary_terms.html"/>
	</word>
	<word id="hidden">
		<source id="ant_view.html" title="Ant View" url="ant_view.html"/>
		<source id="dialogs_customizeoptions.html" title="Customize Options Pane" url="dialogs_customizeoptions.html"/>
		<source id="dialogs_optionsfileview.html" title="File View Pane" url="dialogs_optionsfileview.html"/>
		<source id="editor_howto_foldingcode.html" title="How to: Outline and Hide Code" url="editor_howto_foldingcode.html"/>
	</word>
	<word id="how">
		<source id="ant_examples.html" title="Ant Examples" url="ant_examples.html"/>
		<source id="ant_howto_addbuilds.html" title="How to: Add Ant Build Files" url="ant_howto_addbuilds.html"/>
		<source id="ant_howto_addsnippets.html" title="How to: Add Ant Code Snippets" url="ant_howto_addsnippets.html"/>
		<source id="ant_howto_assigntargets.html" title="How to: Assign Commands to Ant Targets" url="ant_howto_assigntargets.html"/>
		<source id="ant_howto_codecompletion.html" title="How to: Customize Ant Code Completion" url="ant_howto_codecompletion.html"/>
		<source id="ant_howto_conf.html" title="How to: Configure Ant" url="ant_howto_conf.html"/>
		<source id="ant_howto_runtarget.html" title="How to: Run Ant Targets" url="ant_howto_runtarget.html"/>
		<source id="antintegration.html" title="Ant Integration" url="antintegration.html"/>
		<source id="appendix_order.html" title="Ordering JCreator" url="appendix_order.html"/>
		<source id="buildingcode.html" title="Building and Running Code" url="buildingcode.html"/>
		<source id="buildingcode_howtoconf_classpath.html" title="How to: Configure the Classpath" url="buildingcode_howtoconf_classpath.html"/>
		<source id="buildingcode_howtoconf_compiler.html" title="How to: Configure the Compiler" url="buildingcode_howtoconf_compiler.html"/>
		<source id="buildingcode_howtoconf_interpreter.html" title="How to: Configure the Interpreter" url="buildingcode_howtoconf_interpreter.html"/>
		<source id="buildingcode_howtoconf_jikes.html" title="How to: Configure the Jikes Compiler" url="buildingcode_howtoconf_jikes.html"/>
		<source id="buildingcode_howtoconf_tomcat.html" title="How to: Use JCreator with Tomcat" url="buildingcode_howtoconf_tomcat.html"/>
		<source id="buildingcode_howtodisa_output.html" title="How to: Disable Capture Output" url="buildingcode_howtodisa_output.html"/>
		<source id="buildingcode_howtodisa_taskview.html" title="How to: Disable the Task View" url="buildingcode_howtodisa_taskview.html"/>
		<source id="buildingcode_howtorun_applet.html" title="How to: Run an Applet" url="buildingcode_howtorun_applet.html"/>
		<source id="buildingcode_howtoset_arguments.html" title="How to: Set the Main Arguments" url="buildingcode_howtoset_arguments.html"/>
		<source id="buildingcode_howtoset_mainclass.html" title="How to: Set the Main Class" url="buildingcode_howtoset_mainclass.html"/>
		<source id="buildingcode_howtoswitch_profiles.html" title="How to: Change JDK Profiles" url="buildingcode_howtoswitch_profiles.html"/>
		<source id="customize.html" title="Customizing JCreator" url="customize.html"/>
		<source id="customize_howto_addbutton.html" title="How to: Add a Button to a Toolbar " url="customize_howto_addbutton.html"/>
		<source id="customize_howto_addcommand.html" title="How to: Add a Command to a Menu " url="customize_howto_addcommand.html"/>
		<source id="customize_howto_animation.html" title="How to: Change the Menu Animation" url="customize_howto_animation.html"/>
		<source id="customize_howto_button.html" title="How to: Change a Toolbar Button&apos;s Appearance " url="customize_howto_button.html"/>
		<source id="customize_howto_command.html" title="How to: Delete a Menu or Menu Command " url="customize_howto_command.html"/>
		<source id="customize_howto_delbutton.html" title="How to: Delete a Toolbar Button" url="customize_howto_delbutton.html"/>
		<source id="customize_howto_movemenu.html" title="How to: Move a Menu" url="customize_howto_movemenu.html"/>
		<source id="customize_howto_reset.html" title="How to: Restore the Original Toolbar and Menu Settings " url="customize_howto_reset.html"/>
		<source id="debuggingcode.html" title="Debugging Code" url="debuggingcode.html"/>
		<source id="debuggingcode_howtoconf_tomcat.html" title="How to: Debug Servlets with Tomcat" url="debuggingcode_howtoconf_tomcat.html"/>
		<source id="debuggingcode_howtoset_watch.html" title="How to: Set a Variable Watch" url="debuggingcode_howtoset_watch.html"/>
		<source id="debuggingcode_run.html" title="Debugging Your Code" url="debuggingcode_run.html"/>
		<source id="dialogs_checkout.html" title="Checkout Dialog Box" url="dialogs_checkout.html"/>
		<source id="dialogs_optionsstartup.html" title="Startup Pane" url="dialogs_optionsstartup.html"/>
		<source id="editor.html" title="Editing Code" url="editor.html"/>
		<source id="editor_codesnippets.html" title="Using Code Snippets" url="editor_codesnippets.html"/>
		<source id="editor_howto_commentselection.html" title="How to: Comment a Selection" url="editor_howto_commentselection.html"/>
		<source id="editor_howto_customize.html" title="How to: Customize the Editor" url="editor_howto_customize.html"/>
		<source id="editor_howto_dragdroptext.html" title="How to: Drag and Drop Text" url="editor_howto_dragdroptext.html"/>
		<source id="editor_howto_foldingcode.html" title="How to: Outline and Hide Code" url="editor_howto_foldingcode.html"/>
		<source id="editor_howto_printcode.html" title="How to: Print Code from the Editor" url="editor_howto_printcode.html"/>
		<source id="editor_le.html" title="Editing Code" url="editor_le.html"/>
		<source id="editor_overview.html" title="Editing Overview" url="editor_overview.html"/>
		<source id="index.html" title="Index" url="index.html"/>
		<source id="workspace.html" title="The Workspace" url="workspace.html"/>
		<source id="workspace_howto_addtodoitems.html" title="How to: Add Todo Items" url="workspace_howto_addtodoitems.html"/>
		<source id="workspace_howto_customize.html" title="How to: Customize JCreator" url="workspace_howto_customize.html"/>
		<source id="workspace_howto_fullscreen.html" title="How to: Enable Fullscreen" url="workspace_howto_fullscreen.html"/>
		<source id="workspace_howto_newproject.html" title="How to: Create a Project" url="workspace_howto_newproject.html"/>
		<source id="workspace_howto_resetlayout.html" title="How to: Reset the Workspace Layout" url="workspace_howto_resetlayout.html"/>
		<source id="workspace_howto_sortclassview.html" title="How to: Sort the Class View" url="workspace_howto_sortclassview.html"/>
		<source id="workspace_taskview.html" title="Using the Task View" url="workspace_taskview.html"/>
	</word>
	<word id="have">
		<source id="ant_examples.html" title="Ant Examples" url="ant_examples.html"/>
		<source id="ant_view.html" title="Ant View" url="ant_view.html"/>
		<source id="appendix_license.html" title="JCreator Pro, License Agreement" url="appendix_license.html"/>
		<source id="appendix_license_le.html" title="JCreator LE, License Agreement" url="appendix_license_le.html"/>
		<source id="buildingcode_howtoconf_tomcat.html" title="How to: Use JCreator with Tomcat" url="buildingcode_howtoconf_tomcat.html"/>
		<source id="buildingcode_howtoswitch_profiles.html" title="How to: Change JDK Profiles" url="buildingcode_howtoswitch_profiles.html"/>
		<source id="debuggingcode_howtoconf_tomcat.html" title="How to: Debug Servlets with Tomcat" url="debuggingcode_howtoconf_tomcat.html"/>
		<source id="debuggingcode_run.html" title="Debugging Your Code" url="debuggingcode_run.html"/>
		<source id="dialogs_checkout.html" title="Checkout Dialog Box" url="dialogs_checkout.html"/>
		<source id="dialogs_classwizard.html" title="Class Wizard Dialog Box" url="dialogs_classwizard.html"/>
		<source id="dialogs_cvscommit.html" title="Commit Dialog Box" url="dialogs_cvscommit.html"/>
		<source id="dialogs_cvsremove.html" title="Remove Dialog Box" url="dialogs_cvsremove.html"/>
		<source id="dialogs_cvsupdate.html" title="Update Dialog Box" url="dialogs_cvsupdate.html"/>
		<source id="dialogs_optionscodecompletion.html" title="Code Completion Pane" url="dialogs_optionscodecompletion.html"/>
		<source id="dialogs_projectwizard.html" title="Project Wizard Dialog Box" url="dialogs_projectwizard.html"/>
		<source id="editor_codecompletion.html" title="Using Code Completion" url="editor_codecompletion.html"/>
		<source id="editor_codesnippets.html" title="Using Code Snippets" url="editor_codesnippets.html"/>
		<source id="editor_wordcompletion.html" title="Using Word Completion" url="editor_wordcompletion.html"/>
		<source id="extending_usertools.html" title="User Tools" url="extending_usertools.html"/>
		<source id="introduction_about.html" title="About JCreator" url="introduction_about.html"/>
		<source id="workspace_overview.html" title="Workspace Overview" url="workspace_overview.html"/>
	</word>
	<word id="hairs">
		<source id="menus_window.html" title="Window Menu" url="menus_window.html"/>
	</word>
	<word id="hides">
		<source id="dialogs_optionsclassview.html" title="Class View Pane" url="dialogs_optionsclassview.html"/>
		<source id="dialogs_optionsfileview.html" title="File View Pane" url="dialogs_optionsfileview.html"/>
		<source id="dialogs_optionsgeneral.html" title="General Pane" url="dialogs_optionsgeneral.html"/>
		<source id="menus_edit.html" title="Edit Menu" url="menus_edit.html"/>
		<source id="menus_edit_le.html" title="Edit Menu" url="menus_edit_le.html"/>
		<source id="menus_view.html" title="View Menu" url="menus_view.html"/>
		<source id="menus_view_le.html" title="View Menu" url="menus_view_le.html"/>
		<source id="workspace_howto_sortclassview.html" title="How to: Sort the Class View" url="workspace_howto_sortclassview.html"/>
	</word>
	<word id="html">
		<source id="buildingcode_howtorun_applet.html" title="How to: Run an Applet" url="buildingcode_howtorun_applet.html"/>
		<source id="dialogs_projectsettings.html" title="Project Settings Dialog Box" url="dialogs_projectsettings.html"/>
		<source id="dialogs_setruntimeconf.html" title="Set Runtime Configuration Dialog Box" url="dialogs_setruntimeconf.html"/>
		<source id="editor_codecompletion.html" title="Using Code Completion" url="editor_codecompletion.html"/>
		<source id="editor_overview.html" title="Editing Overview" url="editor_overview.html"/>
		<source id="glossary_terms.html" title="Glossary" url="glossary_terms.html"/>
		<source id="introduction_features.html" title="Features" url="introduction_features.html"/>
		<source id="menus_view.html" title="View Menu" url="menus_view.html"/>
		<source id="menus_view_le.html" title="View Menu" url="menus_view_le.html"/>
		<source id="workspace_classview.html" title="Using the Class View and Package View" url="workspace_classview.html"/>
	</word>
	<word id="hierarchy">
		<source id="ant_about.html" title="What is Ant" url="ant_about.html"/>
	</word>
	<word id="halts">
		<source id="menus_tools.html" title="Tools Menu" url="menus_tools.html"/>
		<source id="menus_tools_le.html" title="Tools Menu" url="menus_tools_le.html"/>
	</word>
	<word id="hierarchical">
		<source id="glossary_terms.html" title="Glossary" url="glossary_terms.html"/>
		<source id="menus_edit.html" title="Edit Menu" url="menus_edit.html"/>
		<source id="menus_edit_le.html" title="Edit Menu" url="menus_edit_le.html"/>
	</word>
	<word id="holder">
		<source id="appendix_shareware.html" title="Try Before You Buy" url="appendix_shareware.html"/>
	</word>
	<word id="hello">
		<source id="ant_examples.html" title="Ant Examples" url="ant_examples.html"/>
		<source id="buildingcode_build.html" title="Building Your Code" url="buildingcode_build.html"/>
		<source id="debuggingcode_howtoconf_tomcat.html" title="How to: Debug Servlets with Tomcat" url="debuggingcode_howtoconf_tomcat.html"/>
	</word>
	<word id="hunting">
		<source id="introduction_about.html" title="About JCreator" url="introduction_about.html"/>
	</word>
	<word id="header">
		<source id="dialogs_optionsprint.html" title="Printer Pane" url="dialogs_optionsprint.html"/>
		<source id="dialogs_optionstools.html" title="Tools Pane" url="dialogs_optionstools.html"/>
		<source id="editor_howto_printcode.html" title="How to: Print Code from the Editor" url="editor_howto_printcode.html"/>
		<source id="workspace_taskview.html" title="Using the Task View" url="workspace_taskview.html"/>
	</word>
	<word id="happening">
		<source id="buildingcode_build.html" title="Building Your Code" url="buildingcode_build.html"/>
	</word>
	<word id="hard">
		<source id="appendix_license.html" title="JCreator Pro, License Agreement" url="appendix_license.html"/>
		<source id="getstarted_console.html" title="Creating a Java Console Application" url="getstarted_console.html"/>
		<source id="glossary_terms.html" title="Glossary" url="glossary_terms.html"/>
		<source id="workspace_fileview.html" title="Using File View" url="workspace_fileview.html"/>
	</word>
	<word id="holds">
		<source id="getstarted_console.html" title="Creating a Java Console Application" url="getstarted_console.html"/>
		<source id="glossary_terms.html" title="Glossary" url="glossary_terms.html"/>
	</word>
	<word id="higher">
		<source id="dialogs_projectwizard.html" title="Project Wizard Dialog Box" url="dialogs_projectwizard.html"/>
	</word>
	<word id="history">
		<source id="glossary_terms.html" title="Glossary" url="glossary_terms.html"/>
		<source id="versioncontrol.html" title="Version Control" url="versioncontrol.html"/>
		<source id="versioncontrol_cvs.html" title="Setting up CVS" url="versioncontrol_cvs.html"/>
	</word>
	<word id="hold">
		<source id="dialogs_optionscodecompletion.html" title="Code Completion Pane" url="dialogs_optionscodecompletion.html"/>
		<source id="dialogs_optionseditor.html" title="Editor Pane" url="dialogs_optionseditor.html"/>
		<source id="editor_howto_dragdroptext.html" title="How to: Drag and Drop Text" url="editor_howto_dragdroptext.html"/>
		<source id="glossary_terms.html" title="Glossary" url="glossary_terms.html"/>
	</word>
	<word id="holding">
		<source id="dialogs_filesplitter.html" title="File Splitter Dialog Box" url="dialogs_filesplitter.html"/>
		<source id="dialogs_optionscolors.html" title="Colors Pane" url="dialogs_optionscolors.html"/>
		<source id="getstarted_console.html" title="Creating a Java Console Application" url="getstarted_console.html"/>
		<source id="glossary_terms.html" title="Glossary" url="glossary_terms.html"/>
		<source id="menus_run.html" title="Run Menu" url="menus_run.html"/>
		<source id="menus_run_le.html" title="Run Menu" url="menus_run_le.html"/>
	</word>
	<word id="hiding">
		<source id="ant_view.html" title="Ant View" url="ant_view.html"/>
	</word>
	<word id="home">
		<source id="ant_howto_conf.html" title="How to: Configure Ant" url="ant_howto_conf.html"/>
		<source id="appendix_license.html" title="JCreator Pro, License Agreement" url="appendix_license.html"/>
		<source id="buildingcode_howtoswitch_profiles.html" title="How to: Change JDK Profiles" url="buildingcode_howtoswitch_profiles.html"/>
		<source id="dialogs_jdkprofile.html" title="JDK Profile Dialog Box" url="dialogs_jdkprofile.html"/>
		<source id="dialogs_jdktools.html" title="Tool Configuration Dialog Box" url="dialogs_jdktools.html"/>
		<source id="dialogs_startupwizard.html" title="Startup Wizard Dialog Box" url="dialogs_startupwizard.html"/>
		<source id="editor_convenientcommands.html" title="Convenient Commands and Features" url="editor_convenientcommands.html"/>
		<source id="getstarted_installation.html" title="Installation and Setup" url="getstarted_installation.html"/>
		<source id="introduction_about.html" title="About JCreator" url="introduction_about.html"/>
	</word>
</index>