<?xml version="1.0" encoding="UTF-8"?>
<!--Modified on Tuesday January 08 16:09:09, 2008 -->

<index id="g">
	<word id="grouping">
		<source id="dialogs_newtask.html" title="User Task Dialog" url="dialogs_newtask.html"/>
		<source id="introduction_features.html" title="Features" url="introduction_features.html"/>
	</word>
	<word id="getting">
		<source id="dialogs_optionsstartup.html" title="Startup Pane" url="dialogs_optionsstartup.html"/>
		<source id="getstarted.html" title="Getting Started" url="getstarted.html"/>
		<source id="getstarted_console.html" title="Creating a Java Console Application" url="getstarted_console.html"/>
		<source id="getstarted_installation.html" title="Installation and Setup" url="getstarted_installation.html"/>
		<source id="index.html" title="Index" url="index.html"/>
	</word>
	<word id="gray">
		<source id="dialogs_classwizard.html" title="Class Wizard Dialog Box" url="dialogs_classwizard.html"/>
		<source id="dialogs_interfacewizard.html" title="Interface Wizard Dialog Box" url="dialogs_interfacewizard.html"/>
		<source id="dialogs_newmethod.html" title="New Method Dialog Box" url="dialogs_newmethod.html"/>
	</word>
	<word id="governed">
		<source id="appendix_license.html" title="JCreator Pro, License Agreement" url="appendix_license.html"/>
		<source id="appendix_license_le.html" title="JCreator LE, License Agreement" url="appendix_license_le.html"/>
	</word>
	<word id="g">
		<source id="ant_about.html" title="What is Ant" url="ant_about.html"/>
		<source id="ant_codecompletion.html" title="Using Ant Code Completion" url="ant_codecompletion.html"/>
		<source id="ant_examples.html" title="Ant Examples" url="ant_examples.html"/>
		<source id="ant_howto_addbuilds.html" title="How to: Add Ant Build Files" url="ant_howto_addbuilds.html"/>
		<source id="ant_howto_addsnippets.html" title="How to: Add Ant Code Snippets" url="ant_howto_addsnippets.html"/>
		<source id="ant_howto_assigntargets.html" title="How to: Assign Commands to Ant Targets" url="ant_howto_assigntargets.html"/>
		<source id="ant_howto_codecompletion.html" title="How to: Customize Ant Code Completion" url="ant_howto_codecompletion.html"/>
		<source id="ant_howto_conf.html" title="How to: Configure Ant" url="ant_howto_conf.html"/>
		<source id="ant_howto_runtarget.html" title="How to: Run Ant Targets" url="ant_howto_runtarget.html"/>
		<source id="ant_view.html" title="Ant View" url="ant_view.html"/>
		<source id="antintegration.html" title="Ant Integration" url="antintegration.html"/>
		<source id="appendix.html" title="Appendix" url="appendix.html"/>
		<source id="appendix_copyrights.html" title="Copyright © 2000-2008 Xinox Software" url="appendix_copyrights.html"/>
		<source id="appendix_le.html" title="Appendix" url="appendix_le.html"/>
		<source id="appendix_license.html" title="JCreator Pro, License Agreement" url="appendix_license.html"/>
		<source id="appendix_license_le.html" title="JCreator LE, License Agreement" url="appendix_license_le.html"/>
		<source id="appendix_order.html" title="Ordering JCreator" url="appendix_order.html"/>
		<source id="appendix_shareware.html" title="Try Before You Buy" url="appendix_shareware.html"/>
		<source id="appendix_website.html" title="JCreator Online" url="appendix_website.html"/>
		<source id="buildingcode.html" title="Building and Running Code" url="buildingcode.html"/>
		<source id="buildingcode_build.html" title="Building Your Code" url="buildingcode_build.html"/>
		<source id="buildingcode_howtoconf_classpath.html" title="How to: Configure the Classpath" url="buildingcode_howtoconf_classpath.html"/>
		<source id="buildingcode_howtoconf_compiler.html" title="How to: Configure the Compiler" url="buildingcode_howtoconf_compiler.html"/>
		<source id="buildingcode_howtoconf_interpreter.html" title="How to: Configure the Interpreter" url="buildingcode_howtoconf_interpreter.html"/>
		<source id="buildingcode_howtoconf_jikes.html" title="How to: Configure the Jikes Compiler" url="buildingcode_howtoconf_jikes.html"/>
		<source id="buildingcode_howtoconf_tomcat.html" title="How to: Use JCreator with Tomcat" url="buildingcode_howtoconf_tomcat.html"/>
		<source id="buildingcode_howtodisa_output.html" title="How to: Disable Capture Output" url="buildingcode_howtodisa_output.html"/>
		<source id="buildingcode_howtodisa_taskview.html" title="How to: Disable the Task View" url="buildingcode_howtodisa_taskview.html"/>
		<source id="buildingcode_howtorun_applet.html" title="How to: Run an Applet" url="buildingcode_howtorun_applet.html"/>
		<source id="buildingcode_howtoset_arguments.html" title="How to: Set the Main Arguments" url="buildingcode_howtoset_arguments.html"/>
		<source id="buildingcode_howtoset_mainclass.html" title="How to: Set the Main Class" url="buildingcode_howtoset_mainclass.html"/>
		<source id="buildingcode_howtoswitch_profiles.html" title="How to: Change JDK Profiles" url="buildingcode_howtoswitch_profiles.html"/>
		<source id="buildingcode_run.html" title="Running Your Code" url="buildingcode_run.html"/>
		<source id="customize.html" title="Customizing JCreator" url="customize.html"/>
		<source id="customize_howto_addbutton.html" title="How to: Add a Button to a Toolbar " url="customize_howto_addbutton.html"/>
		<source id="customize_howto_addcommand.html" title="How to: Add a Command to a Menu " url="customize_howto_addcommand.html"/>
		<source id="customize_howto_animation.html" title="How to: Change the Menu Animation" url="customize_howto_animation.html"/>
		<source id="customize_howto_button.html" title="How to: Change a Toolbar Button&apos;s Appearance " url="customize_howto_button.html"/>
		<source id="customize_howto_command.html" title="How to: Delete a Menu or Menu Command " url="customize_howto_command.html"/>
		<source id="customize_howto_delbutton.html" title="How to: Delete a Toolbar Button" url="customize_howto_delbutton.html"/>
		<source id="customize_howto_movemenu.html" title="How to: Move a Menu" url="customize_howto_movemenu.html"/>
		<source id="customize_howto_reset.html" title="How to: Restore the Original Toolbar and Menu Settings " url="customize_howto_reset.html"/>
		<source id="debuggingcode.html" title="Debugging Code" url="debuggingcode.html"/>
		<source id="debuggingcode_breakpoints.html" title="Breakpoints View" url="debuggingcode_breakpoints.html"/>
		<source id="debuggingcode_config.html" title="Debugger Configuration" url="debuggingcode_config.html"/>
		<source id="debuggingcode_context.html" title="Current Context in the Debugger" url="debuggingcode_context.html"/>
		<source id="debuggingcode_howtoconf_tomcat.html" title="How to: Debug Servlets with Tomcat" url="debuggingcode_howtoconf_tomcat.html"/>
		<source id="debuggingcode_howtoset_watch.html" title="How to: Set a Variable Watch" url="debuggingcode_howtoset_watch.html"/>
		<source id="debuggingcode_localview.html" title="Locals View" url="debuggingcode_localview.html"/>
		<source id="debuggingcode_remote.html" title="Attach to Process" url="debuggingcode_remote.html"/>
		<source id="debuggingcode_run.html" title="Debugging Your Code" url="debuggingcode_run.html"/>
		<source id="debuggingcode_stackview.html" title="Call Stack View" url="debuggingcode_stackview.html"/>
		<source id="debuggingcode_threadview.html" title="Threads View" url="debuggingcode_threadview.html"/>
		<source id="debuggingcode_watchview.html" title="Watches View" url="debuggingcode_watchview.html"/>
		<source id="dialogs.html" title="Dialog Windows" url="dialogs.html"/>
		<source id="dialogs_attachtoprocess.html" title="Attach to Process Dialog Box" url="dialogs_attachtoprocess.html"/>
		<source id="dialogs_breakpoints.html" title="Breakpoints Dialog" url="dialogs_breakpoints.html"/>
		<source id="dialogs_checkout.html" title="Checkout Dialog Box" url="dialogs_checkout.html"/>
		<source id="dialogs_classproperties.html" title="Insert Bean Methods Dialog Box" url="dialogs_classproperties.html"/>
		<source id="dialogs_classwizard.html" title="Class Wizard Dialog Box" url="dialogs_classwizard.html"/>
		<source id="dialogs_compileworkspace.html" title="Build Workspace Dialog Box" url="dialogs_compileworkspace.html"/>
		<source id="dialogs_customize.html" title="Customize Dialog" url="dialogs_customize.html"/>
		<source id="dialogs_customizecommands.html" title="Customize Commands Pane" url="dialogs_customizecommands.html"/>
		<source id="dialogs_customizekeyboard.html" title="Customize Keyboard Pane" url="dialogs_customizekeyboard.html"/>
		<source id="dialogs_customizeoptions.html" title="Customize Options Pane" url="dialogs_customizeoptions.html"/>
		<source id="dialogs_customizetoolbars.html" title="Customize Toolbars Pane" url="dialogs_customizetoolbars.html"/>
		<source id="dialogs_cvsaddoptions.html" title="Add Options Dialog Box" url="dialogs_cvsaddoptions.html"/>
		<source id="dialogs_cvscommit.html" title="Commit Dialog Box" url="dialogs_cvscommit.html"/>
		<source id="dialogs_cvsedit.html" title="Edit Dialog Box" url="dialogs_cvsedit.html"/>
		<source id="dialogs_cvsproperties.html" title="CVS Properties Dialog Box" url="dialogs_cvsproperties.html"/>
		<source id="dialogs_cvsremove.html" title="Remove Dialog Box" url="dialogs_cvsremove.html"/>
		<source id="dialogs_cvsstatus.html" title="Status Dialog Box" url="dialogs_cvsstatus.html"/>
		<source id="dialogs_cvsunedit.html" title="UnEdit Dialog Box" url="dialogs_cvsunedit.html"/>
		<source id="dialogs_cvsupdate.html" title="Update Dialog Box" url="dialogs_cvsupdate.html"/>
		<source id="dialogs_filesplitter.html" title="File Splitter Dialog Box" url="dialogs_filesplitter.html"/>
		<source id="dialogs_filewizard.html" title="File Wizard Dialog Box" url="dialogs_filewizard.html"/>
		<source id="dialogs_find.html" title="Find Text Dialog Box" url="dialogs_find.html"/>
		<source id="dialogs_findhelp.html" title="Find Help Topic Dialog Box" url="dialogs_findhelp.html"/>
		<source id="dialogs_findreplace.html" title="Replace Text Dialog Box" url="dialogs_findreplace.html"/>
		<source id="dialogs_findsymbol.html" title="Find Symbol Dialog Box" url="dialogs_findsymbol.html"/>
		<source id="dialogs_implinterfaces.html" title="Implement Interfaces Dialog Box" url="dialogs_implinterfaces.html"/>
		<source id="dialogs_interfacewizard.html" title="Interface Wizard Dialog Box" url="dialogs_interfacewizard.html"/>
		<source id="dialogs_jdkprofile.html" title="JDK Profile Dialog Box" url="dialogs_jdkprofile.html"/>
		<source id="dialogs_jdktools.html" title="Tool Configuration Dialog Box" url="dialogs_jdktools.html"/>
		<source id="dialogs_le.html" title="Dialog Windows" url="dialogs_le.html"/>
		<source id="dialogs_newmethod.html" title="New Method Dialog Box" url="dialogs_newmethod.html"/>
		<source id="dialogs_newtask.html" title="User Task Dialog" url="dialogs_newtask.html"/>
		<source id="dialogs_newvariabledialogbox.html" title="New Variable Dialog Box Pane" url="dialogs_newvariabledialogbox.html"/>
		<source id="dialogs_newworkspace.html" title="New Workspace Dialog Box" url="dialogs_newworkspace.html"/>
		<source id="dialogs_options.html" title="Options Dialog" url="dialogs_options.html"/>
		<source id="dialogs_options_le.html" title="Options Dialog" url="dialogs_options_le.html"/>
		<source id="dialogs_optionsclassdoc.html" title="Class Document Pane" url="dialogs_optionsclassdoc.html"/>
		<source id="dialogs_optionsclassview.html" title="Class View Pane" url="dialogs_optionsclassview.html"/>
		<source id="dialogs_optionscodecompletion.html" title="Code Completion Pane" url="dialogs_optionscodecompletion.html"/>
		<source id="dialogs_optionscodeinsertion.html" title="Code Insertion Pane" url="dialogs_optionscodeinsertion.html"/>
		<source id="dialogs_optionscolors.html" title="Colors Pane" url="dialogs_optionscolors.html"/>
		<source id="dialogs_optionsdirectories.html" title="Directories Pane" url="dialogs_optionsdirectories.html"/>
		<source id="dialogs_optionsdocuments.html" title="Documents Pane" url="dialogs_optionsdocuments.html"/>
		<source id="dialogs_optionseditor.html" title="Editor Pane" url="dialogs_optionseditor.html"/>
		<source id="dialogs_optionsfileassociations.html" title="File Assocations Pane" url="dialogs_optionsfileassociations.html"/>
		<source id="dialogs_optionsfileview.html" title="File View Pane" url="dialogs_optionsfileview.html"/>
		<source id="dialogs_optionsfolding.html" title="Folding Pane" url="dialogs_optionsfolding.html"/>
		<source id="dialogs_optionsfont.html" title="Font Pane" url="dialogs_optionsfont.html"/>
		<source id="dialogs_optionsgeneral.html" title="General Pane" url="dialogs_optionsgeneral.html"/>
		<source id="dialogs_optionsjdkprofiles.html" title="JDK Profiles Pane" url="dialogs_optionsjdkprofiles.html"/>
		<source id="dialogs_optionsjdktools.html" title="JDK Tools Pane" url="dialogs_optionsjdktools.html"/>
		<source id="dialogs_optionsoutputparser.html" title="Output Parser Pane" url="dialogs_optionsoutputparser.html"/>
		<source id="dialogs_optionsoutputview.html" title="Output View Pane" url="dialogs_optionsoutputview.html"/>
		<source id="dialogs_optionsprint.html" title="Printer Pane" url="dialogs_optionsprint.html"/>
		<source id="dialogs_optionsstartup.html" title="Startup Pane" url="dialogs_optionsstartup.html"/>
		<source id="dialogs_optionssyntax.html" title="Syntax Pane" url="dialogs_optionssyntax.html"/>
		<source id="dialogs_optionstaskview.html" title="Task View Pane" url="dialogs_optionstaskview.html"/>
		<source id="dialogs_optionstemplates.html" title="Templates Pane" url="dialogs_optionstemplates.html"/>
		<source id="dialogs_optionstoolmacros.html" title="Tool Macros Pane" url="dialogs_optionstoolmacros.html"/>
		<source id="dialogs_optionstools.html" title="Tools Pane" url="dialogs_optionstools.html"/>
		<source id="dialogs_optionstoolsettings.html" title="Tool Settings Pane" url="dialogs_optionstoolsettings.html"/>
		<source id="dialogs_optionsworkspace.html" title="Workspace Pane" url="dialogs_optionsworkspace.html"/>
		<source id="dialogs_outputexpressions.html" title="Output Expression Properties Dialog Box" url="dialogs_outputexpressions.html"/>
		<source id="dialogs_projectsettings.html" title="Project Settings Dialog Box" url="dialogs_projectsettings.html"/>
		<source id="dialogs_projectwizard.html" title="Project Wizard Dialog Box" url="dialogs_projectwizard.html"/>
		<source id="dialogs_runtimeconfigs.html" title="Runtime Configuration Dialog Box" url="dialogs_runtimeconfigs.html"/>
		<source id="dialogs_setlibrary.html" title="Set Library Dialog Box" url="dialogs_setlibrary.html"/>
		<source id="dialogs_setmain.html" title="Set Main Method Arguments Dialog Box" url="dialogs_setmain.html"/>
		<source id="dialogs_setruntimeconf.html" title="Set Runtime Configuration Dialog Box" url="dialogs_setruntimeconf.html"/>
		<source id="dialogs_startupwizard.html" title="Startup Wizard Dialog Box" url="dialogs_startupwizard.html"/>
		<source id="dialogs_versioncontrol.html" title="Version Control" url="dialogs_versioncontrol.html"/>
		<source id="dialogs_windows.html" title="Windows Dialog Box" url="dialogs_windows.html"/>
		<source id="editor.html" title="Editing Code" url="editor.html"/>
		<source id="editor_bookmarks.html" title="Setting Bookmarks" url="editor_bookmarks.html"/>
		<source id="editor_codeaids.html" title="Coding Aids" url="editor_codeaids.html"/>
		<source id="editor_codeaids_le.html" title="Coding Aids" url="editor_codeaids_le.html"/>
		<source id="editor_codecompletion.html" title="Using Code Completion" url="editor_codecompletion.html"/>
		<source id="editor_codesnippets.html" title="Using Code Snippets" url="editor_codesnippets.html"/>
		<source id="editor_convenientcommands.html" title="Convenient Commands and Features" url="editor_convenientcommands.html"/>
		<source id="editor_findreplace.html" title="Find and Replace" url="editor_findreplace.html"/>
		<source id="editor_findreplacefiles.html" title="Find and Replace in Files" url="editor_findreplacefiles.html"/>
		<source id="editor_findsymbols.html" title="Find Symbols" url="editor_findsymbols.html"/>
		<source id="editor_howto_commentselection.html" title="How to: Comment a Selection" url="editor_howto_commentselection.html"/>
		<source id="editor_howto_customize.html" title="How to: Customize the Editor" url="editor_howto_customize.html"/>
		<source id="editor_howto_dragdroptext.html" title="How to: Drag and Drop Text" url="editor_howto_dragdroptext.html"/>
		<source id="editor_howto_foldingcode.html" title="How to: Outline and Hide Code" url="editor_howto_foldingcode.html"/>
		<source id="editor_howto_printcode.html" title="How to: Print Code from the Editor" url="editor_howto_printcode.html"/>
		<source id="editor_le.html" title="Editing Code" url="editor_le.html"/>
		<source id="editor_navigate.html" title="Navigating Through Code" url="editor_navigate.html"/>
		<source id="editor_overview.html" title="Editing Overview" url="editor_overview.html"/>
		<source id="editor_regularexpressions.html" title="Regular Expressions" url="editor_regularexpressions.html"/>
		<source id="editor_wordcompletion.html" title="Using Word Completion" url="editor_wordcompletion.html"/>
		<source id="extending.html" title="Extending JCreator" url="extending.html"/>
		<source id="extending_addclassdocs.html" title="Custom Syntax Highlighting" url="extending_addclassdocs.html"/>
		<source id="extending_filetemplates.html" title="File Templates" url="extending_filetemplates.html"/>
		<source id="extending_projtemplates.html" title="Project Templates" url="extending_projtemplates.html"/>
		<source id="extending_usertools.html" title="User Tools" url="extending_usertools.html"/>
		<source id="getstarted.html" title="Getting Started" url="getstarted.html"/>
		<source id="getstarted_console.html" title="Creating a Java Console Application" url="getstarted_console.html"/>
		<source id="getstarted_installation.html" title="Installation and Setup" url="getstarted_installation.html"/>
		<source id="glossary.html" title="Glossary" url="glossary.html"/>
		<source id="glossary_terms.html" title="Glossary" url="glossary_terms.html"/>
		<source id="index.html" title="Index" url="index.html"/>
		<source id="introduction.html" title="Introduction" url="introduction.html"/>
		<source id="introduction_about.html" title="About JCreator" url="introduction_about.html"/>
		<source id="introduction_features.html" title="Features" url="introduction_features.html"/>
		<source id="introduction_help.html" title="Help Introduction" url="introduction_help.html"/>
		<source id="menus.html" title="Menu Commands" url="menus.html"/>
		<source id="menus_build.html" title="Build Menu" url="menus_build.html"/>
		<source id="menus_build_le.html" title="Build Menu" url="menus_build_le.html"/>
		<source id="menus_configure.html" title="Configure Menu" url="menus_configure.html"/>
		<source id="menus_edit.html" title="Edit Menu" url="menus_edit.html"/>
		<source id="menus_edit_le.html" title="Edit Menu" url="menus_edit_le.html"/>
		<source id="menus_file.html" title="File Menu" url="menus_file.html"/>
		<source id="menus_find.html" title="Find Menu" url="menus_find.html"/>
		<source id="menus_find_le.html" title="Find Menu" url="menus_find_le.html"/>
		<source id="menus_help.html" title="Help Menu" url="menus_help.html"/>
		<source id="menus_le.html" title="Menu Commands" url="menus_le.html"/>
		<source id="menus_project.html" title="Project Menu" url="menus_project.html"/>
		<source id="menus_run.html" title="Run Menu" url="menus_run.html"/>
		<source id="menus_run_le.html" title="Run Menu" url="menus_run_le.html"/>
		<source id="menus_tools.html" title="Tools Menu" url="menus_tools.html"/>
		<source id="menus_tools_le.html" title="Tools Menu" url="menus_tools_le.html"/>
		<source id="menus_view.html" title="View Menu" url="menus_view.html"/>
		<source id="menus_view_le.html" title="View Menu" url="menus_view_le.html"/>
		<source id="menus_window.html" title="Window Menu" url="menus_window.html"/>
		<source id="versioncontrol.html" title="Version Control" url="versioncontrol.html"/>
		<source id="versioncontrol_cvs.html" title="Setting up CVS" url="versioncontrol_cvs.html"/>
		<source id="workspace.html" title="The Workspace" url="workspace.html"/>
		<source id="workspace_classview.html" title="Using the Class View and Package View" url="workspace_classview.html"/>
		<source id="workspace_fileview.html" title="Using File View" url="workspace_fileview.html"/>
		<source id="workspace_howto_addtodoitems.html" title="How to: Add Todo Items" url="workspace_howto_addtodoitems.html"/>
		<source id="workspace_howto_customize.html" title="How to: Customize JCreator" url="workspace_howto_customize.html"/>
		<source id="workspace_howto_fullscreen.html" title="How to: Enable Fullscreen" url="workspace_howto_fullscreen.html"/>
		<source id="workspace_howto_newproject.html" title="How to: Create a Project" url="workspace_howto_newproject.html"/>
		<source id="workspace_howto_resetlayout.html" title="How to: Reset the Workspace Layout" url="workspace_howto_resetlayout.html"/>
		<source id="workspace_howto_sortclassview.html" title="How to: Sort the Class View" url="workspace_howto_sortclassview.html"/>
		<source id="workspace_outputviews.html" title="Using the Output Views" url="workspace_outputviews.html"/>
		<source id="workspace_overview.html" title="Workspace Overview" url="workspace_overview.html"/>
		<source id="workspace_taskview.html" title="Using the Task View" url="workspace_taskview.html"/>
	</word>
	<word id="give">
		<source id="appendix_license.html" title="JCreator Pro, License Agreement" url="appendix_license.html"/>
		<source id="appendix_license_le.html" title="JCreator LE, License Agreement" url="appendix_license_le.html"/>
		<source id="dialogs_setmain.html" title="Set Main Method Arguments Dialog Box" url="dialogs_setmain.html"/>
		<source id="menus_help.html" title="Help Menu" url="menus_help.html"/>
	</word>
	<word id="goal">
		<source id="ant_examples.html" title="Ant Examples" url="ant_examples.html"/>
	</word>
	<word id="generic">
		<source id="dialogs_projectwizard.html" title="Project Wizard Dialog Box" url="dialogs_projectwizard.html"/>
		<source id="workspace_howto_newproject.html" title="How to: Create a Project" url="workspace_howto_newproject.html"/>
	</word>
	<word id="groups">
		<source id="debuggingcode_run.html" title="Debugging Your Code" url="debuggingcode_run.html"/>
		<source id="debuggingcode_threadview.html" title="Threads View" url="debuggingcode_threadview.html"/>
		<source id="dialogs_filewizard.html" title="File Wizard Dialog Box" url="dialogs_filewizard.html"/>
		<source id="dialogs_optionsclassview.html" title="Class View Pane" url="dialogs_optionsclassview.html"/>
		<source id="editor_regularexpressions.html" title="Regular Expressions" url="editor_regularexpressions.html"/>
	</word>
	<word id="guarantee">
		<source id="appendix_shareware.html" title="Try Before You Buy" url="appendix_shareware.html"/>
	</word>
	<word id="general">
		<source id="appendix_license.html" title="JCreator Pro, License Agreement" url="appendix_license.html"/>
		<source id="appendix_license_le.html" title="JCreator LE, License Agreement" url="appendix_license_le.html"/>
		<source id="buildingcode_build.html" title="Building Your Code" url="buildingcode_build.html"/>
		<source id="debuggingcode_howtoconf_tomcat.html" title="How to: Debug Servlets with Tomcat" url="debuggingcode_howtoconf_tomcat.html"/>
		<source id="dialogs_jdktools.html" title="Tool Configuration Dialog Box" url="dialogs_jdktools.html"/>
		<source id="dialogs_options.html" title="Options Dialog" url="dialogs_options.html"/>
		<source id="dialogs_options_le.html" title="Options Dialog" url="dialogs_options_le.html"/>
		<source id="dialogs_optionsgeneral.html" title="General Pane" url="dialogs_optionsgeneral.html"/>
		<source id="dialogs_projectsettings.html" title="Project Settings Dialog Box" url="dialogs_projectsettings.html"/>
		<source id="extending_usertools.html" title="User Tools" url="extending_usertools.html"/>
		<source id="introduction_about.html" title="About JCreator" url="introduction_about.html"/>
		<source id="menus_view.html" title="View Menu" url="menus_view.html"/>
		<source id="menus_view_le.html" title="View Menu" url="menus_view_le.html"/>
		<source id="workspace_outputviews.html" title="Using the Output Views" url="workspace_outputviews.html"/>
		<source id="workspace_overview.html" title="Workspace Overview" url="workspace_overview.html"/>
	</word>
	<word id="global">
		<source id="ant_examples.html" title="Ant Examples" url="ant_examples.html"/>
		<source id="editor_findreplace.html" title="Find and Replace" url="editor_findreplace.html"/>
	</word>
	<word id="govern">
		<source id="glossary_terms.html" title="Glossary" url="glossary_terms.html"/>
	</word>
	<word id="going">
		<source id="buildingcode_build.html" title="Building Your Code" url="buildingcode_build.html"/>
	</word>
	<word id="guiding">
		<source id="menus_file.html" title="File Menu" url="menus_file.html"/>
	</word>
	<word id="given">
		<source id="dialogs_optionsfileview.html" title="File View Pane" url="dialogs_optionsfileview.html"/>
	</word>
	<word id="grants">
		<source id="appendix_license.html" title="JCreator Pro, License Agreement" url="appendix_license.html"/>
		<source id="appendix_license_le.html" title="JCreator LE, License Agreement" url="appendix_license_le.html"/>
		<source id="appendix_shareware.html" title="Try Before You Buy" url="appendix_shareware.html"/>
	</word>
	<word id="guides">
		<source id="ant_about.html" title="What is Ant" url="ant_about.html"/>
		<source id="menus_tools.html" title="Tools Menu" url="menus_tools.html"/>
	</word>
	<word id="generation">
		<source id="buildingcode_howtoconf_jikes.html" title="How to: Configure the Jikes Compiler" url="buildingcode_howtoconf_jikes.html"/>
	</word>
	<word id="grant">
		<source id="appendix_license.html" title="JCreator Pro, License Agreement" url="appendix_license.html"/>
	</word>
	<word id="gnu">
		<source id="dialogs_optionsclassdoc.html" title="Class Document Pane" url="dialogs_optionsclassdoc.html"/>
	</word>
	<word id="generated">
		<source id="dialogs_classproperties.html" title="Insert Bean Methods Dialog Box" url="dialogs_classproperties.html"/>
		<source id="dialogs_cvsproperties.html" title="CVS Properties Dialog Box" url="dialogs_cvsproperties.html"/>
		<source id="editor_regularexpressions.html" title="Regular Expressions" url="editor_regularexpressions.html"/>
		<source id="extending_usertools.html" title="User Tools" url="extending_usertools.html"/>
		<source id="glossary_terms.html" title="Glossary" url="glossary_terms.html"/>
	</word>
	<word id="granted">
		<source id="appendix_license.html" title="JCreator Pro, License Agreement" url="appendix_license.html"/>
		<source id="appendix_license_le.html" title="JCreator LE, License Agreement" url="appendix_license_le.html"/>
	</word>
	<word id="go">
		<source id="ant_about.html" title="What is Ant" url="ant_about.html"/>
		<source id="ant_howto_runtarget.html" title="How to: Run Ant Targets" url="ant_howto_runtarget.html"/>
		<source id="ant_view.html" title="Ant View" url="ant_view.html"/>
		<source id="dialogs_optionsoutputparser.html" title="Output Parser Pane" url="dialogs_optionsoutputparser.html"/>
		<source id="editor_bookmarks.html" title="Setting Bookmarks" url="editor_bookmarks.html"/>
		<source id="getstarted_installation.html" title="Installation and Setup" url="getstarted_installation.html"/>
		<source id="menus_edit.html" title="Edit Menu" url="menus_edit.html"/>
		<source id="menus_edit_le.html" title="Edit Menu" url="menus_edit_le.html"/>
		<source id="menus_find.html" title="Find Menu" url="menus_find.html"/>
		<source id="menus_find_le.html" title="Find Menu" url="menus_find_le.html"/>
		<source id="versioncontrol_cvs.html" title="Setting up CVS" url="versioncontrol_cvs.html"/>
		<source id="workspace_howto_sortclassview.html" title="How to: Sort the Class View" url="workspace_howto_sortclassview.html"/>
	</word>
	<word id="generate">
		<source id="dialogs_classwizard.html" title="Class Wizard Dialog Box" url="dialogs_classwizard.html"/>
		<source id="dialogs_interfacewizard.html" title="Interface Wizard Dialog Box" url="dialogs_interfacewizard.html"/>
	</word>
	<word id="guidelines">
		<source id="introduction_about.html" title="About JCreator" url="introduction_about.html"/>
	</word>
	<word id="graphical">
		<source id="editor_regularexpressions.html" title="Regular Expressions" url="editor_regularexpressions.html"/>
	</word>
	<word id="graph">
		<source id="editor_regularexpressions.html" title="Regular Expressions" url="editor_regularexpressions.html"/>
	</word>
	<word id="group">
		<source id="appendix_shareware.html" title="Try Before You Buy" url="appendix_shareware.html"/>
		<source id="buildingcode_howtoconf_tomcat.html" title="How to: Use JCreator with Tomcat" url="buildingcode_howtoconf_tomcat.html"/>
		<source id="dialogs_classproperties.html" title="Insert Bean Methods Dialog Box" url="dialogs_classproperties.html"/>
		<source id="dialogs_filewizard.html" title="File Wizard Dialog Box" url="dialogs_filewizard.html"/>
		<source id="dialogs_optionsclassview.html" title="Class View Pane" url="dialogs_optionsclassview.html"/>
		<source id="dialogs_optionscolors.html" title="Colors Pane" url="dialogs_optionscolors.html"/>
		<source id="dialogs_optionsdocuments.html" title="Documents Pane" url="dialogs_optionsdocuments.html"/>
		<source id="dialogs_projectwizard.html" title="Project Wizard Dialog Box" url="dialogs_projectwizard.html"/>
		<source id="editor_regularexpressions.html" title="Regular Expressions" url="editor_regularexpressions.html"/>
		<source id="workspace_howto_sortclassview.html" title="How to: Sort the Class View" url="workspace_howto_sortclassview.html"/>
	</word>
	<word id="gives">
		<source id="appendix_license.html" title="JCreator Pro, License Agreement" url="appendix_license.html"/>
		<source id="appendix_license_le.html" title="JCreator LE, License Agreement" url="appendix_license_le.html"/>
		<source id="appendix_order.html" title="Ordering JCreator" url="appendix_order.html"/>
		<source id="appendix_shareware.html" title="Try Before You Buy" url="appendix_shareware.html"/>
		<source id="dialogs_filewizard.html" title="File Wizard Dialog Box" url="dialogs_filewizard.html"/>
		<source id="dialogs_optionseditor.html" title="Editor Pane" url="dialogs_optionseditor.html"/>
		<source id="workspace_howto_fullscreen.html" title="How to: Enable Fullscreen" url="workspace_howto_fullscreen.html"/>
	</word>
	<word id="good">
		<source id="glossary_terms.html" title="Glossary" url="glossary_terms.html"/>
	</word>
	<word id="glossary">
		<source id="glossary.html" title="Glossary" url="glossary.html"/>
		<source id="glossary_terms.html" title="Glossary" url="glossary_terms.html"/>
		<source id="index.html" title="Index" url="index.html"/>
	</word>
	<word id="gets">
		<source id="dialogs_cvscommit.html" title="Commit Dialog Box" url="dialogs_cvscommit.html"/>
		<source id="dialogs_cvsremove.html" title="Remove Dialog Box" url="dialogs_cvsremove.html"/>
		<source id="dialogs_cvsupdate.html" title="Update Dialog Box" url="dialogs_cvsupdate.html"/>
	</word>
	<word id="generally">
		<source id="buildingcode_howtoconf_compiler.html" title="How to: Configure the Compiler" url="buildingcode_howtoconf_compiler.html"/>
		<source id="workspace_classview.html" title="Using the Class View and Package View" url="workspace_classview.html"/>
		<source id="workspace_overview.html" title="Workspace Overview" url="workspace_overview.html"/>
	</word>
	<word id="gains">
		<source id="appendix_order.html" title="Ordering JCreator" url="appendix_order.html"/>
	</word>
	<word id="gui_options">
		<source id="workspace_howto_resetlayout.html" title="How to: Reset the Workspace Layout" url="workspace_howto_resetlayout.html"/>
	</word>
	<word id="goodbye">
		<source id="ant_examples.html" title="Ant Examples" url="ant_examples.html"/>
	</word>
	<word id="get">
		<source id="appendix_shareware.html" title="Try Before You Buy" url="appendix_shareware.html"/>
		<source id="appendix_website.html" title="JCreator Online" url="appendix_website.html"/>
		<source id="debuggingcode_run.html" title="Debugging Your Code" url="debuggingcode_run.html"/>
		<source id="dialogs_classproperties.html" title="Insert Bean Methods Dialog Box" url="dialogs_classproperties.html"/>
		<source id="dialogs_cvsremove.html" title="Remove Dialog Box" url="dialogs_cvsremove.html"/>
		<source id="glossary_terms.html" title="Glossary" url="glossary_terms.html"/>
		<source id="introduction_about.html" title="About JCreator" url="introduction_about.html"/>
		<source id="menus_tools.html" title="Tools Menu" url="menus_tools.html"/>
	</word>
</index>