<?xml version="1.0" encoding="UTF-8"?>
<!--Modified on Tuesday January 08 16:09:09, 2008 -->

<index id="p">
	<word id="prefix">
		<source id="versioncontrol_cvs.html" title="Setting up CVS" url="versioncontrol_cvs.html"/>
	</word>
	<word id="procedures">
		<source id="editor.html" title="Editing Code" url="editor.html"/>
		<source id="editor_le.html" title="Editing Code" url="editor_le.html"/>
	</word>
	<word id="precede">
		<source id="dialogs_checkout.html" title="Checkout Dialog Box" url="dialogs_checkout.html"/>
		<source id="dialogs_cvscommit.html" title="Commit Dialog Box" url="dialogs_cvscommit.html"/>
		<source id="dialogs_cvsedit.html" title="Edit Dialog Box" url="dialogs_cvsedit.html"/>
		<source id="dialogs_cvsremove.html" title="Remove Dialog Box" url="dialogs_cvsremove.html"/>
		<source id="dialogs_cvsstatus.html" title="Status Dialog Box" url="dialogs_cvsstatus.html"/>
		<source id="dialogs_cvsunedit.html" title="UnEdit Dialog Box" url="dialogs_cvsunedit.html"/>
		<source id="dialogs_cvsupdate.html" title="Update Dialog Box" url="dialogs_cvsupdate.html"/>
	</word>
	<word id="performs">
		<source id="buildingcode_run.html" title="Running Your Code" url="buildingcode_run.html"/>
	</word>
	<word id="page">
		<source id="buildingcode_howtoconf_tomcat.html" title="How to: Use JCreator with Tomcat" url="buildingcode_howtoconf_tomcat.html"/>
		<source id="dialogs_optionsclassdoc.html" title="Class Document Pane" url="dialogs_optionsclassdoc.html"/>
		<source id="dialogs_optionsclassview.html" title="Class View Pane" url="dialogs_optionsclassview.html"/>
		<source id="dialogs_optionscodecompletion.html" title="Code Completion Pane" url="dialogs_optionscodecompletion.html"/>
		<source id="dialogs_optionscodeinsertion.html" title="Code Insertion Pane" url="dialogs_optionscodeinsertion.html"/>
		<source id="dialogs_optionscolors.html" title="Colors Pane" url="dialogs_optionscolors.html"/>
		<source id="dialogs_optionsdirectories.html" title="Directories Pane" url="dialogs_optionsdirectories.html"/>
		<source id="dialogs_optionsdocuments.html" title="Documents Pane" url="dialogs_optionsdocuments.html"/>
		<source id="dialogs_optionseditor.html" title="Editor Pane" url="dialogs_optionseditor.html"/>
		<source id="dialogs_optionsfileassociations.html" title="File Assocations Pane" url="dialogs_optionsfileassociations.html"/>
		<source id="dialogs_optionsfileview.html" title="File View Pane" url="dialogs_optionsfileview.html"/>
		<source id="dialogs_optionsfolding.html" title="Folding Pane" url="dialogs_optionsfolding.html"/>
		<source id="dialogs_optionsfont.html" title="Font Pane" url="dialogs_optionsfont.html"/>
		<source id="dialogs_optionsgeneral.html" title="General Pane" url="dialogs_optionsgeneral.html"/>
		<source id="dialogs_optionsjdkprofiles.html" title="JDK Profiles Pane" url="dialogs_optionsjdkprofiles.html"/>
		<source id="dialogs_optionsjdktools.html" title="JDK Tools Pane" url="dialogs_optionsjdktools.html"/>
		<source id="dialogs_optionsoutputparser.html" title="Output Parser Pane" url="dialogs_optionsoutputparser.html"/>
		<source id="dialogs_optionsoutputview.html" title="Output View Pane" url="dialogs_optionsoutputview.html"/>
		<source id="dialogs_optionsprint.html" title="Printer Pane" url="dialogs_optionsprint.html"/>
		<source id="dialogs_optionsstartup.html" title="Startup Pane" url="dialogs_optionsstartup.html"/>
		<source id="dialogs_optionssyntax.html" title="Syntax Pane" url="dialogs_optionssyntax.html"/>
		<source id="dialogs_optionstaskview.html" title="Task View Pane" url="dialogs_optionstaskview.html"/>
		<source id="dialogs_optionstemplates.html" title="Templates Pane" url="dialogs_optionstemplates.html"/>
		<source id="dialogs_optionstoolmacros.html" title="Tool Macros Pane" url="dialogs_optionstoolmacros.html"/>
		<source id="dialogs_optionstools.html" title="Tools Pane" url="dialogs_optionstools.html"/>
		<source id="dialogs_optionstoolsettings.html" title="Tool Settings Pane" url="dialogs_optionstoolsettings.html"/>
		<source id="dialogs_optionsworkspace.html" title="Workspace Pane" url="dialogs_optionsworkspace.html"/>
		<source id="editor_convenientcommands.html" title="Convenient Commands and Features" url="editor_convenientcommands.html"/>
		<source id="editor_howto_printcode.html" title="How to: Print Code from the Editor" url="editor_howto_printcode.html"/>
		<source id="getstarted_installation.html" title="Installation and Setup" url="getstarted_installation.html"/>
		<source id="menus_file.html" title="File Menu" url="menus_file.html"/>
		<source id="menus_help.html" title="Help Menu" url="menus_help.html"/>
	</word>
	<word id="pay">
		<source id="appendix_license.html" title="JCreator Pro, License Agreement" url="appendix_license.html"/>
		<source id="appendix_license_le.html" title="JCreator LE, License Agreement" url="appendix_license_le.html"/>
		<source id="appendix_order.html" title="Ordering JCreator" url="appendix_order.html"/>
		<source id="appendix_shareware.html" title="Try Before You Buy" url="appendix_shareware.html"/>
	</word>
	<word id="pooling">
		<source id="appendix_license.html" title="JCreator Pro, License Agreement" url="appendix_license.html"/>
	</word>
	<word id="pentium">
		<source id="appendix_copyrights.html" title="Copyright © 2000-2008 Xinox Software" url="appendix_copyrights.html"/>
	</word>
	<word id="package">
		<source id="ant_view.html" title="Ant View" url="ant_view.html"/>
		<source id="appendix_license.html" title="JCreator Pro, License Agreement" url="appendix_license.html"/>
		<source id="appendix_license_le.html" title="JCreator LE, License Agreement" url="appendix_license_le.html"/>
		<source id="buildingcode_howtoconf_jikes.html" title="How to: Configure the Jikes Compiler" url="buildingcode_howtoconf_jikes.html"/>
		<source id="buildingcode_howtoconf_tomcat.html" title="How to: Use JCreator with Tomcat" url="buildingcode_howtoconf_tomcat.html"/>
		<source id="dialogs_classproperties.html" title="Insert Bean Methods Dialog Box" url="dialogs_classproperties.html"/>
		<source id="dialogs_classwizard.html" title="Class Wizard Dialog Box" url="dialogs_classwizard.html"/>
		<source id="dialogs_cvsproperties.html" title="CVS Properties Dialog Box" url="dialogs_cvsproperties.html"/>
		<source id="dialogs_cvsremove.html" title="Remove Dialog Box" url="dialogs_cvsremove.html"/>
		<source id="dialogs_findsymbol.html" title="Find Symbol Dialog Box" url="dialogs_findsymbol.html"/>
		<source id="dialogs_interfacewizard.html" title="Interface Wizard Dialog Box" url="dialogs_interfacewizard.html"/>
		<source id="dialogs_jdkprofile.html" title="JDK Profile Dialog Box" url="dialogs_jdkprofile.html"/>
		<source id="dialogs_setlibrary.html" title="Set Library Dialog Box" url="dialogs_setlibrary.html"/>
		<source id="editor_findsymbols.html" title="Find Symbols" url="editor_findsymbols.html"/>
		<source id="getstarted_console.html" title="Creating a Java Console Application" url="getstarted_console.html"/>
		<source id="glossary_terms.html" title="Glossary" url="glossary_terms.html"/>
		<source id="index.html" title="Index" url="index.html"/>
		<source id="menus_view.html" title="View Menu" url="menus_view.html"/>
		<source id="menus_view_le.html" title="View Menu" url="menus_view_le.html"/>
		<source id="workspace.html" title="The Workspace" url="workspace.html"/>
		<source id="workspace_classview.html" title="Using the Class View and Package View" url="workspace_classview.html"/>
		<source id="workspace_overview.html" title="Workspace Overview" url="workspace_overview.html"/>
	</word>
	<word id="patterns">
		<source id="editor_regularexpressions.html" title="Regular Expressions" url="editor_regularexpressions.html"/>
	</word>
	<word id="pathname">
		<source id="dialogs_filesplitter.html" title="File Splitter Dialog Box" url="dialogs_filesplitter.html"/>
		<source id="dialogs_optionstoolmacros.html" title="Tool Macros Pane" url="dialogs_optionstoolmacros.html"/>
		<source id="glossary_terms.html" title="Glossary" url="glossary_terms.html"/>
	</word>
	<word id="port">
		<source id="buildingcode_howtoconf_tomcat.html" title="How to: Use JCreator with Tomcat" url="buildingcode_howtoconf_tomcat.html"/>
		<source id="debuggingcode_howtoconf_tomcat.html" title="How to: Debug Servlets with Tomcat" url="debuggingcode_howtoconf_tomcat.html"/>
		<source id="dialogs_attachtoprocess.html" title="Attach to Process Dialog Box" url="dialogs_attachtoprocess.html"/>
		<source id="dialogs_checkout.html" title="Checkout Dialog Box" url="dialogs_checkout.html"/>
		<source id="dialogs_cvsproperties.html" title="CVS Properties Dialog Box" url="dialogs_cvsproperties.html"/>
		<source id="dialogs_jdktools.html" title="Tool Configuration Dialog Box" url="dialogs_jdktools.html"/>
		<source id="versioncontrol_cvs.html" title="Setting up CVS" url="versioncontrol_cvs.html"/>
	</word>
	<word id="publishes">
		<source id="appendix_license.html" title="JCreator Pro, License Agreement" url="appendix_license.html"/>
	</word>
	<word id="programming">
		<source id="antintegration.html" title="Ant Integration" url="antintegration.html"/>
		<source id="buildingcode_build.html" title="Building Your Code" url="buildingcode_build.html"/>
		<source id="glossary_terms.html" title="Glossary" url="glossary_terms.html"/>
	</word>
	<word id="place">
		<source id="ant_howto_addsnippets.html" title="How to: Add Ant Code Snippets" url="ant_howto_addsnippets.html"/>
		<source id="appendix_license.html" title="JCreator Pro, License Agreement" url="appendix_license.html"/>
		<source id="dialogs_filesplitter.html" title="File Splitter Dialog Box" url="dialogs_filesplitter.html"/>
		<source id="editor_howto_dragdroptext.html" title="How to: Drag and Drop Text" url="editor_howto_dragdroptext.html"/>
		<source id="editor_regularexpressions.html" title="Regular Expressions" url="editor_regularexpressions.html"/>
		<source id="menus_edit.html" title="Edit Menu" url="menus_edit.html"/>
		<source id="menus_edit_le.html" title="Edit Menu" url="menus_edit_le.html"/>
		<source id="menus_find.html" title="Find Menu" url="menus_find.html"/>
		<source id="menus_find_le.html" title="Find Menu" url="menus_find_le.html"/>
		<source id="workspace_howto_fullscreen.html" title="How to: Enable Fullscreen" url="workspace_howto_fullscreen.html"/>
		<source id="workspace_overview.html" title="Workspace Overview" url="workspace_overview.html"/>
	</word>
	<word id="portion">
		<source id="ant_howto_addsnippets.html" title="How to: Add Ant Code Snippets" url="ant_howto_addsnippets.html"/>
		<source id="debuggingcode_run.html" title="Debugging Your Code" url="debuggingcode_run.html"/>
	</word>
	<word id="packaging">
		<source id="ant_about.html" title="What is Ant" url="ant_about.html"/>
		<source id="appendix_license.html" title="JCreator Pro, License Agreement" url="appendix_license.html"/>
	</word>
	<word id="permitting">
		<source id="extending_filetemplates.html" title="File Templates" url="extending_filetemplates.html"/>
	</word>
	<word id="preview">
		<source id="editor_howto_printcode.html" title="How to: Print Code from the Editor" url="editor_howto_printcode.html"/>
		<source id="menus_file.html" title="File Menu" url="menus_file.html"/>
	</word>
	<word id="preceding">
		<source id="editor_findreplacefiles.html" title="Find and Replace in Files" url="editor_findreplacefiles.html"/>
		<source id="editor_regularexpressions.html" title="Regular Expressions" url="editor_regularexpressions.html"/>
	</word>
	<word id="points">
		<source id="dialogs_outputexpressions.html" title="Output Expression Properties Dialog Box" url="dialogs_outputexpressions.html"/>
	</word>
	<word id="popular">
		<source id="dialogs_jdktools.html" title="Tool Configuration Dialog Box" url="dialogs_jdktools.html"/>
	</word>
	<word id="protocol">
		<source id="dialogs_checkout.html" title="Checkout Dialog Box" url="dialogs_checkout.html"/>
		<source id="dialogs_cvsproperties.html" title="CVS Properties Dialog Box" url="dialogs_cvsproperties.html"/>
		<source id="glossary_terms.html" title="Glossary" url="glossary_terms.html"/>
	</word>
	<word id="pass">
		<source id="debuggingcode_context.html" title="Current Context in the Debugger" url="debuggingcode_context.html"/>
		<source id="dialogs_jdktools.html" title="Tool Configuration Dialog Box" url="dialogs_jdktools.html"/>
		<source id="dialogs_optionstoolsettings.html" title="Tool Settings Pane" url="dialogs_optionstoolsettings.html"/>
		<source id="dialogs_setmain.html" title="Set Main Method Arguments Dialog Box" url="dialogs_setmain.html"/>
	</word>
	<word id="provision">
		<source id="appendix_license.html" title="JCreator Pro, License Agreement" url="appendix_license.html"/>
		<source id="appendix_license_le.html" title="JCreator LE, License Agreement" url="appendix_license_le.html"/>
	</word>
	<word id="permanent">
		<source id="appendix_license.html" title="JCreator Pro, License Agreement" url="appendix_license.html"/>
	</word>
	<word id="publication">
		<source id="appendix_license.html" title="JCreator Pro, License Agreement" url="appendix_license.html"/>
	</word>
	<word id="period">
		<source id="appendix_license.html" title="JCreator Pro, License Agreement" url="appendix_license.html"/>
		<source id="appendix_order.html" title="Ordering JCreator" url="appendix_order.html"/>
		<source id="appendix_shareware.html" title="Try Before You Buy" url="appendix_shareware.html"/>
		<source id="dialogs_optionscodecompletion.html" title="Code Completion Pane" url="dialogs_optionscodecompletion.html"/>
	</word>
	<word id="project">
		<source id="ant_about.html" title="What is Ant" url="ant_about.html"/>
		<source id="ant_examples.html" title="Ant Examples" url="ant_examples.html"/>
		<source id="ant_howto_addbuilds.html" title="How to: Add Ant Build Files" url="ant_howto_addbuilds.html"/>
		<source id="ant_howto_runtarget.html" title="How to: Run Ant Targets" url="ant_howto_runtarget.html"/>
		<source id="ant_view.html" title="Ant View" url="ant_view.html"/>
		<source id="buildingcode_build.html" title="Building Your Code" url="buildingcode_build.html"/>
		<source id="buildingcode_howtoconf_classpath.html" title="How to: Configure the Classpath" url="buildingcode_howtoconf_classpath.html"/>
		<source id="buildingcode_howtoconf_jikes.html" title="How to: Configure the Jikes Compiler" url="buildingcode_howtoconf_jikes.html"/>
		<source id="buildingcode_howtoconf_tomcat.html" title="How to: Use JCreator with Tomcat" url="buildingcode_howtoconf_tomcat.html"/>
		<source id="buildingcode_howtorun_applet.html" title="How to: Run an Applet" url="buildingcode_howtorun_applet.html"/>
		<source id="buildingcode_howtoset_arguments.html" title="How to: Set the Main Arguments" url="buildingcode_howtoset_arguments.html"/>
		<source id="buildingcode_howtoset_mainclass.html" title="How to: Set the Main Class" url="buildingcode_howtoset_mainclass.html"/>
		<source id="buildingcode_howtoswitch_profiles.html" title="How to: Change JDK Profiles" url="buildingcode_howtoswitch_profiles.html"/>
		<source id="debuggingcode.html" title="Debugging Code" url="debuggingcode.html"/>
		<source id="debuggingcode_breakpoints.html" title="Breakpoints View" url="debuggingcode_breakpoints.html"/>
		<source id="debuggingcode_howtoconf_tomcat.html" title="How to: Debug Servlets with Tomcat" url="debuggingcode_howtoconf_tomcat.html"/>
		<source id="debuggingcode_run.html" title="Debugging Your Code" url="debuggingcode_run.html"/>
		<source id="dialogs.html" title="Dialog Windows" url="dialogs.html"/>
		<source id="dialogs_breakpoints.html" title="Breakpoints Dialog" url="dialogs_breakpoints.html"/>
		<source id="dialogs_checkout.html" title="Checkout Dialog Box" url="dialogs_checkout.html"/>
		<source id="dialogs_classwizard.html" title="Class Wizard Dialog Box" url="dialogs_classwizard.html"/>
		<source id="dialogs_compileworkspace.html" title="Build Workspace Dialog Box" url="dialogs_compileworkspace.html"/>
		<source id="dialogs_filesplitter.html" title="File Splitter Dialog Box" url="dialogs_filesplitter.html"/>
		<source id="dialogs_filewizard.html" title="File Wizard Dialog Box" url="dialogs_filewizard.html"/>
		<source id="dialogs_find.html" title="Find Text Dialog Box" url="dialogs_find.html"/>
		<source id="dialogs_findreplace.html" title="Replace Text Dialog Box" url="dialogs_findreplace.html"/>
		<source id="dialogs_findsymbol.html" title="Find Symbol Dialog Box" url="dialogs_findsymbol.html"/>
		<source id="dialogs_interfacewizard.html" title="Interface Wizard Dialog Box" url="dialogs_interfacewizard.html"/>
		<source id="dialogs_jdkprofile.html" title="JDK Profile Dialog Box" url="dialogs_jdkprofile.html"/>
		<source id="dialogs_jdktools.html" title="Tool Configuration Dialog Box" url="dialogs_jdktools.html"/>
		<source id="dialogs_le.html" title="Dialog Windows" url="dialogs_le.html"/>
		<source id="dialogs_newworkspace.html" title="New Workspace Dialog Box" url="dialogs_newworkspace.html"/>
		<source id="dialogs_optionscodecompletion.html" title="Code Completion Pane" url="dialogs_optionscodecompletion.html"/>
		<source id="dialogs_optionsdirectories.html" title="Directories Pane" url="dialogs_optionsdirectories.html"/>
		<source id="dialogs_optionsfileview.html" title="File View Pane" url="dialogs_optionsfileview.html"/>
		<source id="dialogs_optionsstartup.html" title="Startup Pane" url="dialogs_optionsstartup.html"/>
		<source id="dialogs_optionstemplates.html" title="Templates Pane" url="dialogs_optionstemplates.html"/>
		<source id="dialogs_optionstoolmacros.html" title="Tool Macros Pane" url="dialogs_optionstoolmacros.html"/>
		<source id="dialogs_optionsworkspace.html" title="Workspace Pane" url="dialogs_optionsworkspace.html"/>
		<source id="dialogs_projectsettings.html" title="Project Settings Dialog Box" url="dialogs_projectsettings.html"/>
		<source id="dialogs_projectwizard.html" title="Project Wizard Dialog Box" url="dialogs_projectwizard.html"/>
		<source id="dialogs_runtimeconfigs.html" title="Runtime Configuration Dialog Box" url="dialogs_runtimeconfigs.html"/>
		<source id="dialogs_setlibrary.html" title="Set Library Dialog Box" url="dialogs_setlibrary.html"/>
		<source id="dialogs_setmain.html" title="Set Main Method Arguments Dialog Box" url="dialogs_setmain.html"/>
		<source id="editor_findreplace.html" title="Find and Replace" url="editor_findreplace.html"/>
		<source id="editor_findsymbols.html" title="Find Symbols" url="editor_findsymbols.html"/>
		<source id="extending.html" title="Extending JCreator" url="extending.html"/>
		<source id="extending_projtemplates.html" title="Project Templates" url="extending_projtemplates.html"/>
		<source id="getstarted_console.html" title="Creating a Java Console Application" url="getstarted_console.html"/>
		<source id="glossary_terms.html" title="Glossary" url="glossary_terms.html"/>
		<source id="index.html" title="Index" url="index.html"/>
		<source id="introduction_about.html" title="About JCreator" url="introduction_about.html"/>
		<source id="introduction_features.html" title="Features" url="introduction_features.html"/>
		<source id="menus.html" title="Menu Commands" url="menus.html"/>
		<source id="menus_build.html" title="Build Menu" url="menus_build.html"/>
		<source id="menus_build_le.html" title="Build Menu" url="menus_build_le.html"/>
		<source id="menus_edit.html" title="Edit Menu" url="menus_edit.html"/>
		<source id="menus_edit_le.html" title="Edit Menu" url="menus_edit_le.html"/>
		<source id="menus_file.html" title="File Menu" url="menus_file.html"/>
		<source id="menus_le.html" title="Menu Commands" url="menus_le.html"/>
		<source id="menus_project.html" title="Project Menu" url="menus_project.html"/>
		<source id="menus_run.html" title="Run Menu" url="menus_run.html"/>
		<source id="menus_run_le.html" title="Run Menu" url="menus_run_le.html"/>
		<source id="menus_tools.html" title="Tools Menu" url="menus_tools.html"/>
		<source id="menus_tools_le.html" title="Tools Menu" url="menus_tools_le.html"/>
		<source id="menus_view.html" title="View Menu" url="menus_view.html"/>
		<source id="menus_view_le.html" title="View Menu" url="menus_view_le.html"/>
		<source id="versioncontrol_cvs.html" title="Setting up CVS" url="versioncontrol_cvs.html"/>
		<source id="workspace.html" title="The Workspace" url="workspace.html"/>
		<source id="workspace_classview.html" title="Using the Class View and Package View" url="workspace_classview.html"/>
		<source id="workspace_fileview.html" title="Using File View" url="workspace_fileview.html"/>
		<source id="workspace_howto_newproject.html" title="How to: Create a Project" url="workspace_howto_newproject.html"/>
		<source id="workspace_taskview.html" title="Using the Task View" url="workspace_taskview.html"/>
	</word>
	<word id="performed">
		<source id="workspace_fileview.html" title="Using File View" url="workspace_fileview.html"/>
	</word>
	<word id="prepare">
		<source id="versioncontrol_cvs.html" title="Setting up CVS" url="versioncontrol_cvs.html"/>
	</word>
	<word id="published">
		<source id="introduction_about.html" title="About JCreator" url="introduction_about.html"/>
	</word>
	<word id="panes">
		<source id="glossary_terms.html" title="Glossary" url="glossary_terms.html"/>
		<source id="workspace_overview.html" title="Workspace Overview" url="workspace_overview.html"/>
	</word>
	<word id="punct">
		<source id="editor_regularexpressions.html" title="Regular Expressions" url="editor_regularexpressions.html"/>
	</word>
	<word id="parenthesis">
		<source id="dialogs_optionscodecompletion.html" title="Code Completion Pane" url="dialogs_optionscodecompletion.html"/>
	</word>
	<word id="printer">
		<source id="dialogs_options.html" title="Options Dialog" url="dialogs_options.html"/>
		<source id="dialogs_options_le.html" title="Options Dialog" url="dialogs_options_le.html"/>
		<source id="dialogs_optionsfont.html" title="Font Pane" url="dialogs_optionsfont.html"/>
		<source id="dialogs_optionsprint.html" title="Printer Pane" url="dialogs_optionsprint.html"/>
		<source id="editor_howto_printcode.html" title="How to: Print Code from the Editor" url="editor_howto_printcode.html"/>
		<source id="menus_file.html" title="File Menu" url="menus_file.html"/>
	</word>
	<word id="prompt">
		<source id="buildingcode_howtoset_arguments.html" title="How to: Set the Main Arguments" url="buildingcode_howtoset_arguments.html"/>
		<source id="dialogs_jdktools.html" title="Tool Configuration Dialog Box" url="dialogs_jdktools.html"/>
		<source id="dialogs_optionstoolsettings.html" title="Tool Settings Pane" url="dialogs_optionstoolsettings.html"/>
		<source id="dialogs_projectwizard.html" title="Project Wizard Dialog Box" url="dialogs_projectwizard.html"/>
		<source id="dialogs_setmain.html" title="Set Main Method Arguments Dialog Box" url="dialogs_setmain.html"/>
		<source id="versioncontrol_cvs.html" title="Setting up CVS" url="versioncontrol_cvs.html"/>
	</word>
	<word id="profile">
		<source id="buildingcode_howtoconf_classpath.html" title="How to: Configure the Classpath" url="buildingcode_howtoconf_classpath.html"/>
		<source id="buildingcode_howtoconf_tomcat.html" title="How to: Use JCreator with Tomcat" url="buildingcode_howtoconf_tomcat.html"/>
		<source id="buildingcode_howtoswitch_profiles.html" title="How to: Change JDK Profiles" url="buildingcode_howtoswitch_profiles.html"/>
		<source id="debuggingcode_howtoconf_tomcat.html" title="How to: Debug Servlets with Tomcat" url="debuggingcode_howtoconf_tomcat.html"/>
		<source id="dialogs.html" title="Dialog Windows" url="dialogs.html"/>
		<source id="dialogs_jdkprofile.html" title="JDK Profile Dialog Box" url="dialogs_jdkprofile.html"/>
		<source id="dialogs_le.html" title="Dialog Windows" url="dialogs_le.html"/>
		<source id="dialogs_optionsclassdoc.html" title="Class Document Pane" url="dialogs_optionsclassdoc.html"/>
		<source id="dialogs_optionsjdkprofiles.html" title="JDK Profiles Pane" url="dialogs_optionsjdkprofiles.html"/>
		<source id="dialogs_optionsjdktools.html" title="JDK Tools Pane" url="dialogs_optionsjdktools.html"/>
		<source id="dialogs_projectsettings.html" title="Project Settings Dialog Box" url="dialogs_projectsettings.html"/>
		<source id="dialogs_projectwizard.html" title="Project Wizard Dialog Box" url="dialogs_projectwizard.html"/>
		<source id="editor_overview.html" title="Editing Overview" url="editor_overview.html"/>
		<source id="glossary_terms.html" title="Glossary" url="glossary_terms.html"/>
		<source id="index.html" title="Index" url="index.html"/>
		<source id="introduction_about.html" title="About JCreator" url="introduction_about.html"/>
	</word>
	<word id="past">
		<source id="appendix_order.html" title="Ordering JCreator" url="appendix_order.html"/>
		<source id="introduction_about.html" title="About JCreator" url="introduction_about.html"/>
	</word>
	<word id="prejudice">
		<source id="appendix_license.html" title="JCreator Pro, License Agreement" url="appendix_license.html"/>
		<source id="appendix_license_le.html" title="JCreator LE, License Agreement" url="appendix_license_le.html"/>
	</word>
	<word id="price">
		<source id="appendix_license.html" title="JCreator Pro, License Agreement" url="appendix_license.html"/>
		<source id="appendix_order.html" title="Ordering JCreator" url="appendix_order.html"/>
	</word>
	<word id="prevent">
		<source id="appendix_license.html" title="JCreator Pro, License Agreement" url="appendix_license.html"/>
		<source id="debuggingcode.html" title="Debugging Code" url="debuggingcode.html"/>
	</word>
	<word id="profiles">
		<source id="ant_howto_conf.html" title="How to: Configure Ant" url="ant_howto_conf.html"/>
		<source id="buildingcode.html" title="Building and Running Code" url="buildingcode.html"/>
		<source id="buildingcode_howtoconf_tomcat.html" title="How to: Use JCreator with Tomcat" url="buildingcode_howtoconf_tomcat.html"/>
		<source id="buildingcode_howtoswitch_profiles.html" title="How to: Change JDK Profiles" url="buildingcode_howtoswitch_profiles.html"/>
		<source id="dialogs_options.html" title="Options Dialog" url="dialogs_options.html"/>
		<source id="dialogs_options_le.html" title="Options Dialog" url="dialogs_options_le.html"/>
		<source id="dialogs_optionsdirectories.html" title="Directories Pane" url="dialogs_optionsdirectories.html"/>
		<source id="dialogs_optionsjdkprofiles.html" title="JDK Profiles Pane" url="dialogs_optionsjdkprofiles.html"/>
		<source id="dialogs_projectsettings.html" title="Project Settings Dialog Box" url="dialogs_projectsettings.html"/>
		<source id="dialogs_projectwizard.html" title="Project Wizard Dialog Box" url="dialogs_projectwizard.html"/>
		<source id="editor_overview.html" title="Editing Overview" url="editor_overview.html"/>
		<source id="getstarted_installation.html" title="Installation and Setup" url="getstarted_installation.html"/>
		<source id="index.html" title="Index" url="index.html"/>
		<source id="introduction_about.html" title="About JCreator" url="introduction_about.html"/>
		<source id="introduction_features.html" title="Features" url="introduction_features.html"/>
	</word>
	<word id="partition">
		<source id="versioncontrol_cvs.html" title="Setting up CVS" url="versioncontrol_cvs.html"/>
	</word>
	<word id="puts">
		<source id="menus_window.html" title="Window Menu" url="menus_window.html"/>
	</word>
	<word id="pieces">
		<source id="glossary_terms.html" title="Glossary" url="glossary_terms.html"/>
	</word>
	<word id="plain">
		<source id="editor_overview.html" title="Editing Overview" url="editor_overview.html"/>
		<source id="glossary_terms.html" title="Glossary" url="glossary_terms.html"/>
	</word>
	<word id="palette">
		<source id="dialogs_optionscolors.html" title="Colors Pane" url="dialogs_optionscolors.html"/>
	</word>
	<word id="prune">
		<source id="dialogs_checkout.html" title="Checkout Dialog Box" url="dialogs_checkout.html"/>
		<source id="dialogs_cvsupdate.html" title="Update Dialog Box" url="dialogs_cvsupdate.html"/>
	</word>
	<word id="participate">
		<source id="appendix_website.html" title="JCreator Online" url="appendix_website.html"/>
		<source id="editor_regularexpressions.html" title="Regular Expressions" url="editor_regularexpressions.html"/>
		<source id="menus_help.html" title="Help Menu" url="menus_help.html"/>
	</word>
	<word id="physical">
		<source id="appendix_license.html" title="JCreator Pro, License Agreement" url="appendix_license.html"/>
		<source id="appendix_license_le.html" title="JCreator LE, License Agreement" url="appendix_license_le.html"/>
	</word>
	<word id="proprietary">
		<source id="appendix_license.html" title="JCreator Pro, License Agreement" url="appendix_license.html"/>
		<source id="appendix_license_le.html" title="JCreator LE, License Agreement" url="appendix_license_le.html"/>
	</word>
	<word id="prior">
		<source id="ant_examples.html" title="Ant Examples" url="ant_examples.html"/>
		<source id="appendix_license.html" title="JCreator Pro, License Agreement" url="appendix_license.html"/>
		<source id="appendix_license_le.html" title="JCreator LE, License Agreement" url="appendix_license_le.html"/>
	</word>
	<word id="part">
		<source id="ant_about.html" title="What is Ant" url="ant_about.html"/>
		<source id="appendix_license.html" title="JCreator Pro, License Agreement" url="appendix_license.html"/>
		<source id="appendix_license_le.html" title="JCreator LE, License Agreement" url="appendix_license_le.html"/>
		<source id="debuggingcode_context.html" title="Current Context in the Debugger" url="debuggingcode_context.html"/>
		<source id="debuggingcode_run.html" title="Debugging Your Code" url="debuggingcode_run.html"/>
		<source id="dialogs_projectwizard.html" title="Project Wizard Dialog Box" url="dialogs_projectwizard.html"/>
		<source id="getstarted_console.html" title="Creating a Java Console Application" url="getstarted_console.html"/>
		<source id="workspace_classview.html" title="Using the Class View and Package View" url="workspace_classview.html"/>
	</word>
	<word id="projects">
		<source id="ant_about.html" title="What is Ant" url="ant_about.html"/>
		<source id="buildingcode_howtoconf_classpath.html" title="How to: Configure the Classpath" url="buildingcode_howtoconf_classpath.html"/>
		<source id="dialogs_classwizard.html" title="Class Wizard Dialog Box" url="dialogs_classwizard.html"/>
		<source id="dialogs_compileworkspace.html" title="Build Workspace Dialog Box" url="dialogs_compileworkspace.html"/>
		<source id="dialogs_optionsdirectories.html" title="Directories Pane" url="dialogs_optionsdirectories.html"/>
		<source id="dialogs_optionsstartup.html" title="Startup Pane" url="dialogs_optionsstartup.html"/>
		<source id="dialogs_projectwizard.html" title="Project Wizard Dialog Box" url="dialogs_projectwizard.html"/>
		<source id="getstarted_console.html" title="Creating a Java Console Application" url="getstarted_console.html"/>
		<source id="glossary_terms.html" title="Glossary" url="glossary_terms.html"/>
		<source id="introduction_about.html" title="About JCreator" url="introduction_about.html"/>
		<source id="introduction_features.html" title="Features" url="introduction_features.html"/>
		<source id="menus_build.html" title="Build Menu" url="menus_build.html"/>
		<source id="menus_build_le.html" title="Build Menu" url="menus_build_le.html"/>
		<source id="menus_project.html" title="Project Menu" url="menus_project.html"/>
		<source id="versioncontrol_cvs.html" title="Setting up CVS" url="versioncontrol_cvs.html"/>
		<source id="workspace_fileview.html" title="Using File View" url="workspace_fileview.html"/>
	</word>
	<word id="programmer">
		<source id="glossary_terms.html" title="Glossary" url="glossary_terms.html"/>
	</word>
	<word id="printable">
		<source id="editor_regularexpressions.html" title="Regular Expressions" url="editor_regularexpressions.html"/>
	</word>
	<word id="powerful">
		<source id="editor_howto_foldingcode.html" title="How to: Outline and Hide Code" url="editor_howto_foldingcode.html"/>
		<source id="introduction_about.html" title="About JCreator" url="introduction_about.html"/>
		<source id="introduction_features.html" title="Features" url="introduction_features.html"/>
	</word>
	<word id="prints">
		<source id="dialogs_optionsprint.html" title="Printer Pane" url="dialogs_optionsprint.html"/>
		<source id="menus_file.html" title="File Menu" url="menus_file.html"/>
	</word>
	<word id="pull">
		<source id="buildingcode_howtoset_mainclass.html" title="How to: Set the Main Class" url="buildingcode_howtoset_mainclass.html"/>
		<source id="dialogs_classproperties.html" title="Insert Bean Methods Dialog Box" url="dialogs_classproperties.html"/>
		<source id="dialogs_optionsjdktools.html" title="JDK Tools Pane" url="dialogs_optionsjdktools.html"/>
		<source id="dialogs_projectsettings.html" title="Project Settings Dialog Box" url="dialogs_projectsettings.html"/>
		<source id="dialogs_setruntimeconf.html" title="Set Runtime Configuration Dialog Box" url="dialogs_setruntimeconf.html"/>
	</word>
	<word id="programmers">
		<source id="appendix_shareware.html" title="Try Before You Buy" url="appendix_shareware.html"/>
		<source id="glossary_terms.html" title="Glossary" url="glossary_terms.html"/>
	</word>
	<word id="professional">
		<source id="appendix_license.html" title="JCreator Pro, License Agreement" url="appendix_license.html"/>
	</word>
	<word id="position">
		<source id="ant_codecompletion.html" title="Using Ant Code Completion" url="ant_codecompletion.html"/>
		<source id="customize_howto_movemenu.html" title="How to: Move a Menu" url="customize_howto_movemenu.html"/>
		<source id="debuggingcode_run.html" title="Debugging Your Code" url="debuggingcode_run.html"/>
		<source id="dialogs_optionsclassdoc.html" title="Class Document Pane" url="dialogs_optionsclassdoc.html"/>
		<source id="dialogs_optionstemplates.html" title="Templates Pane" url="dialogs_optionstemplates.html"/>
		<source id="dialogs_projectwizard.html" title="Project Wizard Dialog Box" url="dialogs_projectwizard.html"/>
		<source id="editor_howto_dragdroptext.html" title="How to: Drag and Drop Text" url="editor_howto_dragdroptext.html"/>
		<source id="menus_edit.html" title="Edit Menu" url="menus_edit.html"/>
		<source id="menus_edit_le.html" title="Edit Menu" url="menus_edit_le.html"/>
	</word>
	<word id="project_name">
		<source id="extending_projtemplates.html" title="Project Templates" url="extending_projtemplates.html"/>
	</word>
	<word id="partially">
		<source id="editor_wordcompletion.html" title="Using Word Completion" url="editor_wordcompletion.html"/>
		<source id="workspace_fileview.html" title="Using File View" url="workspace_fileview.html"/>
	</word>
	<word id="popup">
		<source id="dialogs_optionscodecompletion.html" title="Code Completion Pane" url="dialogs_optionscodecompletion.html"/>
		<source id="menus_edit.html" title="Edit Menu" url="menus_edit.html"/>
	</word>
	<word id="pointer">
		<source id="dialogs_customizeoptions.html" title="Customize Options Pane" url="dialogs_customizeoptions.html"/>
		<source id="dialogs_optionscodecompletion.html" title="Code Completion Pane" url="dialogs_optionscodecompletion.html"/>
	</word>
	<word id="protocols">
		<source id="dialogs_attachtoprocess.html" title="Attach to Process Dialog Box" url="dialogs_attachtoprocess.html"/>
		<source id="dialogs_jdktools.html" title="Tool Configuration Dialog Box" url="dialogs_jdktools.html"/>
	</word>
	<word id="paths">
		<source id="buildingcode_howtoconf_classpath.html" title="How to: Configure the Classpath" url="buildingcode_howtoconf_classpath.html"/>
		<source id="buildingcode_howtoconf_tomcat.html" title="How to: Use JCreator with Tomcat" url="buildingcode_howtoconf_tomcat.html"/>
		<source id="debuggingcode_howtoconf_tomcat.html" title="How to: Debug Servlets with Tomcat" url="debuggingcode_howtoconf_tomcat.html"/>
		<source id="dialogs_jdkprofile.html" title="JDK Profile Dialog Box" url="dialogs_jdkprofile.html"/>
		<source id="dialogs_optionsjdkprofiles.html" title="JDK Profiles Pane" url="dialogs_optionsjdkprofiles.html"/>
		<source id="dialogs_optionstoolmacros.html" title="Tool Macros Pane" url="dialogs_optionstoolmacros.html"/>
		<source id="dialogs_projectsettings.html" title="Project Settings Dialog Box" url="dialogs_projectsettings.html"/>
		<source id="dialogs_projectwizard.html" title="Project Wizard Dialog Box" url="dialogs_projectwizard.html"/>
		<source id="dialogs_setlibrary.html" title="Set Library Dialog Box" url="dialogs_setlibrary.html"/>
		<source id="getstarted_console.html" title="Creating a Java Console Application" url="getstarted_console.html"/>
		<source id="getstarted_installation.html" title="Installation and Setup" url="getstarted_installation.html"/>
		<source id="versioncontrol_cvs.html" title="Setting up CVS" url="versioncontrol_cvs.html"/>
		<source id="workspace_howto_newproject.html" title="How to: Create a Project" url="workspace_howto_newproject.html"/>
	</word>
	<word id="per">
		<source id="appendix_order.html" title="Ordering JCreator" url="appendix_order.html"/>
	</word>
	<word id="printed">
		<source id="appendix_license.html" title="JCreator Pro, License Agreement" url="appendix_license.html"/>
		<source id="appendix_license_le.html" title="JCreator LE, License Agreement" url="appendix_license_le.html"/>
		<source id="appendix_shareware.html" title="Try Before You Buy" url="appendix_shareware.html"/>
	</word>
	<word id="percentage">
		<source id="workspace_taskview.html" title="Using the Task View" url="workspace_taskview.html"/>
	</word>
	<word id="print">
		<source id="dialogs_optionsprint.html" title="Printer Pane" url="dialogs_optionsprint.html"/>
		<source id="editor_howto_printcode.html" title="How to: Print Code from the Editor" url="editor_howto_printcode.html"/>
		<source id="editor_overview.html" title="Editing Overview" url="editor_overview.html"/>
		<source id="editor_regularexpressions.html" title="Regular Expressions" url="editor_regularexpressions.html"/>
		<source id="menus_file.html" title="File Menu" url="menus_file.html"/>
		<source id="menus_view.html" title="View Menu" url="menus_view.html"/>
		<source id="menus_view_le.html" title="View Menu" url="menus_view_le.html"/>
	</word>
	<word id="parentheses">
		<source id="dialogs_optionscodeinsertion.html" title="Code Insertion Pane" url="dialogs_optionscodeinsertion.html"/>
		<source id="editor_regularexpressions.html" title="Regular Expressions" url="editor_regularexpressions.html"/>
	</word>
	<word id="product">
		<source id="appendix_copyrights.html" title="Copyright © 2000-2008 Xinox Software" url="appendix_copyrights.html"/>
		<source id="appendix_license.html" title="JCreator Pro, License Agreement" url="appendix_license.html"/>
		<source id="appendix_license_le.html" title="JCreator LE, License Agreement" url="appendix_license_le.html"/>
		<source id="appendix_order.html" title="Ordering JCreator" url="appendix_order.html"/>
		<source id="appendix_shareware.html" title="Try Before You Buy" url="appendix_shareware.html"/>
		<source id="menus_help.html" title="Help Menu" url="menus_help.html"/>
	</word>
	<word id="pro">
		<source id="appendix.html" title="Appendix" url="appendix.html"/>
		<source id="appendix_le.html" title="Appendix" url="appendix_le.html"/>
		<source id="appendix_license.html" title="JCreator Pro, License Agreement" url="appendix_license.html"/>
		<source id="appendix_order.html" title="Ordering JCreator" url="appendix_order.html"/>
		<source id="index.html" title="Index" url="index.html"/>
		<source id="introduction_about.html" title="About JCreator" url="introduction_about.html"/>
		<source id="introduction_features.html" title="Features" url="introduction_features.html"/>
	</word>
	<word id="path">
		<source id="ant_examples.html" title="Ant Examples" url="ant_examples.html"/>
		<source id="ant_howto_conf.html" title="How to: Configure Ant" url="ant_howto_conf.html"/>
		<source id="ant_view.html" title="Ant View" url="ant_view.html"/>
		<source id="buildingcode_howtoconf_classpath.html" title="How to: Configure the Classpath" url="buildingcode_howtoconf_classpath.html"/>
		<source id="buildingcode_howtoconf_jikes.html" title="How to: Configure the Jikes Compiler" url="buildingcode_howtoconf_jikes.html"/>
		<source id="buildingcode_howtoconf_tomcat.html" title="How to: Use JCreator with Tomcat" url="buildingcode_howtoconf_tomcat.html"/>
		<source id="buildingcode_howtorun_applet.html" title="How to: Run an Applet" url="buildingcode_howtorun_applet.html"/>
		<source id="buildingcode_howtoswitch_profiles.html" title="How to: Change JDK Profiles" url="buildingcode_howtoswitch_profiles.html"/>
		<source id="dialogs_checkout.html" title="Checkout Dialog Box" url="dialogs_checkout.html"/>
		<source id="dialogs_cvsproperties.html" title="CVS Properties Dialog Box" url="dialogs_cvsproperties.html"/>
		<source id="dialogs_filewizard.html" title="File Wizard Dialog Box" url="dialogs_filewizard.html"/>
		<source id="dialogs_jdkprofile.html" title="JDK Profile Dialog Box" url="dialogs_jdkprofile.html"/>
		<source id="dialogs_jdktools.html" title="Tool Configuration Dialog Box" url="dialogs_jdktools.html"/>
		<source id="dialogs_optionscodecompletion.html" title="Code Completion Pane" url="dialogs_optionscodecompletion.html"/>
		<source id="dialogs_optionsdirectories.html" title="Directories Pane" url="dialogs_optionsdirectories.html"/>
		<source id="dialogs_optionsgeneral.html" title="General Pane" url="dialogs_optionsgeneral.html"/>
		<source id="dialogs_optionsjdkprofiles.html" title="JDK Profiles Pane" url="dialogs_optionsjdkprofiles.html"/>
		<source id="dialogs_optionsoutputparser.html" title="Output Parser Pane" url="dialogs_optionsoutputparser.html"/>
		<source id="dialogs_optionsprint.html" title="Printer Pane" url="dialogs_optionsprint.html"/>
		<source id="dialogs_optionstoolmacros.html" title="Tool Macros Pane" url="dialogs_optionstoolmacros.html"/>
		<source id="dialogs_optionstoolsettings.html" title="Tool Settings Pane" url="dialogs_optionstoolsettings.html"/>
		<source id="dialogs_outputexpressions.html" title="Output Expression Properties Dialog Box" url="dialogs_outputexpressions.html"/>
		<source id="dialogs_projectsettings.html" title="Project Settings Dialog Box" url="dialogs_projectsettings.html"/>
		<source id="dialogs_projectwizard.html" title="Project Wizard Dialog Box" url="dialogs_projectwizard.html"/>
		<source id="dialogs_setlibrary.html" title="Set Library Dialog Box" url="dialogs_setlibrary.html"/>
		<source id="editor_findreplacefiles.html" title="Find and Replace in Files" url="editor_findreplacefiles.html"/>
		<source id="extending_projtemplates.html" title="Project Templates" url="extending_projtemplates.html"/>
		<source id="getstarted_console.html" title="Creating a Java Console Application" url="getstarted_console.html"/>
		<source id="getstarted_installation.html" title="Installation and Setup" url="getstarted_installation.html"/>
		<source id="glossary_terms.html" title="Glossary" url="glossary_terms.html"/>
		<source id="introduction_about.html" title="About JCreator" url="introduction_about.html"/>
		<source id="versioncontrol_cvs.html" title="Setting up CVS" url="versioncontrol_cvs.html"/>
	</word>
	<word id="progress">
		<source id="workspace_taskview.html" title="Using the Task View" url="workspace_taskview.html"/>
	</word>
	<word id="pinned">
		<source id="workspace_classview.html" title="Using the Class View and Package View" url="workspace_classview.html"/>
	</word>
	<word id="purchasing">
		<source id="menus_help.html" title="Help Menu" url="menus_help.html"/>
	</word>
	<word id="packed">
		<source id="introduction_about.html" title="About JCreator" url="introduction_about.html"/>
	</word>
	<word id="professionally">
		<source id="introduction_about.html" title="About JCreator" url="introduction_about.html"/>
	</word>
	<word id="preceded">
		<source id="editor_regularexpressions.html" title="Regular Expressions" url="editor_regularexpressions.html"/>
	</word>
	<word id="proceed">
		<source id="buildingcode_howtoconf_classpath.html" title="How to: Configure the Classpath" url="buildingcode_howtoconf_classpath.html"/>
	</word>
	<word id="problem">
		<source id="buildingcode_build.html" title="Building Your Code" url="buildingcode_build.html"/>
		<source id="versioncontrol_cvs.html" title="Setting up CVS" url="versioncontrol_cvs.html"/>
	</word>
	<word id="permission">
		<source id="appendix_license.html" title="JCreator Pro, License Agreement" url="appendix_license.html"/>
		<source id="appendix_license_le.html" title="JCreator LE, License Agreement" url="appendix_license_le.html"/>
		<source id="appendix_shareware.html" title="Try Before You Buy" url="appendix_shareware.html"/>
		<source id="index.html" title="Index" url="index.html"/>
	</word>
	<word id="public">
		<source id="ant_examples.html" title="Ant Examples" url="ant_examples.html"/>
		<source id="appendix_license.html" title="JCreator Pro, License Agreement" url="appendix_license.html"/>
		<source id="appendix_license_le.html" title="JCreator LE, License Agreement" url="appendix_license_le.html"/>
		<source id="buildingcode_build.html" title="Building Your Code" url="buildingcode_build.html"/>
		<source id="dialogs_classwizard.html" title="Class Wizard Dialog Box" url="dialogs_classwizard.html"/>
		<source id="dialogs_interfacewizard.html" title="Interface Wizard Dialog Box" url="dialogs_interfacewizard.html"/>
		<source id="dialogs_newmethod.html" title="New Method Dialog Box" url="dialogs_newmethod.html"/>
		<source id="dialogs_newvariabledialogbox.html" title="New Variable Dialog Box Pane" url="dialogs_newvariabledialogbox.html"/>
		<source id="dialogs_optionsclassview.html" title="Class View Pane" url="dialogs_optionsclassview.html"/>
		<source id="dialogs_setmain.html" title="Set Main Method Arguments Dialog Box" url="dialogs_setmain.html"/>
		<source id="extending_filetemplates.html" title="File Templates" url="extending_filetemplates.html"/>
		<source id="getstarted_console.html" title="Creating a Java Console Application" url="getstarted_console.html"/>
		<source id="glossary_terms.html" title="Glossary" url="glossary_terms.html"/>
	</word>
	<word id="parts">
		<source id="menus_edit.html" title="Edit Menu" url="menus_edit.html"/>
		<source id="menus_edit_le.html" title="Edit Menu" url="menus_edit_le.html"/>
	</word>
	<word id="prompts">
		<source id="dialogs_windows.html" title="Windows Dialog Box" url="dialogs_windows.html"/>
		<source id="introduction_about.html" title="About JCreator" url="introduction_about.html"/>
		<source id="versioncontrol_cvs.html" title="Setting up CVS" url="versioncontrol_cvs.html"/>
		<source id="workspace_fileview.html" title="Using File View" url="workspace_fileview.html"/>
	</word>
	<word id="picture">
		<source id="debuggingcode_run.html" title="Debugging Your Code" url="debuggingcode_run.html"/>
	</word>
	<word id="pressing">
		<source id="buildingcode_howtoconf_jikes.html" title="How to: Configure the Jikes Compiler" url="buildingcode_howtoconf_jikes.html"/>
		<source id="buildingcode_howtoconf_tomcat.html" title="How to: Use JCreator with Tomcat" url="buildingcode_howtoconf_tomcat.html"/>
		<source id="buildingcode_howtorun_applet.html" title="How to: Run an Applet" url="buildingcode_howtorun_applet.html"/>
		<source id="dialogs_optionstemplates.html" title="Templates Pane" url="dialogs_optionstemplates.html"/>
		<source id="editor_howto_commentselection.html" title="How to: Comment a Selection" url="editor_howto_commentselection.html"/>
		<source id="editor_howto_dragdroptext.html" title="How to: Drag and Drop Text" url="editor_howto_dragdroptext.html"/>
		<source id="getstarted_console.html" title="Creating a Java Console Application" url="getstarted_console.html"/>
		<source id="introduction_help.html" title="Help Introduction" url="introduction_help.html"/>
		<source id="workspace_overview.html" title="Workspace Overview" url="workspace_overview.html"/>
	</word>
	<word id="parameters">
		<source id="buildingcode_howtoconf_compiler.html" title="How to: Configure the Compiler" url="buildingcode_howtoconf_compiler.html"/>
		<source id="buildingcode_howtoset_arguments.html" title="How to: Set the Main Arguments" url="buildingcode_howtoset_arguments.html"/>
		<source id="debuggingcode_run.html" title="Debugging Your Code" url="debuggingcode_run.html"/>
		<source id="dialogs_checkout.html" title="Checkout Dialog Box" url="dialogs_checkout.html"/>
		<source id="dialogs_cvsproperties.html" title="CVS Properties Dialog Box" url="dialogs_cvsproperties.html"/>
		<source id="dialogs_jdktools.html" title="Tool Configuration Dialog Box" url="dialogs_jdktools.html"/>
		<source id="dialogs_optionscodecompletion.html" title="Code Completion Pane" url="dialogs_optionscodecompletion.html"/>
		<source id="dialogs_optionstemplates.html" title="Templates Pane" url="dialogs_optionstemplates.html"/>
		<source id="dialogs_runtimeconfigs.html" title="Runtime Configuration Dialog Box" url="dialogs_runtimeconfigs.html"/>
	</word>
	<word id="prices">
		<source id="appendix_order.html" title="Ordering JCreator" url="appendix_order.html"/>
		<source id="appendix_shareware.html" title="Try Before You Buy" url="appendix_shareware.html"/>
	</word>
	<word id="profits">
		<source id="appendix_license.html" title="JCreator Pro, License Agreement" url="appendix_license.html"/>
		<source id="appendix_license_le.html" title="JCreator LE, License Agreement" url="appendix_license_le.html"/>
	</word>
	<word id="pledge">
		<source id="appendix_license.html" title="JCreator Pro, License Agreement" url="appendix_license.html"/>
		<source id="appendix_license_le.html" title="JCreator LE, License Agreement" url="appendix_license_le.html"/>
	</word>
	<word id="purpose">
		<source id="appendix_license.html" title="JCreator Pro, License Agreement" url="appendix_license.html"/>
		<source id="appendix_license_le.html" title="JCreator LE, License Agreement" url="appendix_license_le.html"/>
	</word>
	<word id="put">
		<source id="ant_examples.html" title="Ant Examples" url="ant_examples.html"/>
	</word>
	<word id="process">
		<source id="ant_about.html" title="What is Ant" url="ant_about.html"/>
		<source id="ant_howto_assigntargets.html" title="How to: Assign Commands to Ant Targets" url="ant_howto_assigntargets.html"/>
		<source id="buildingcode.html" title="Building and Running Code" url="buildingcode.html"/>
		<source id="buildingcode_build.html" title="Building Your Code" url="buildingcode_build.html"/>
		<source id="buildingcode_howtodisa_taskview.html" title="How to: Disable the Task View" url="buildingcode_howtodisa_taskview.html"/>
		<source id="buildingcode_run.html" title="Running Your Code" url="buildingcode_run.html"/>
		<source id="debuggingcode.html" title="Debugging Code" url="debuggingcode.html"/>
		<source id="debuggingcode_howtoconf_tomcat.html" title="How to: Debug Servlets with Tomcat" url="debuggingcode_howtoconf_tomcat.html"/>
		<source id="debuggingcode_remote.html" title="Attach to Process" url="debuggingcode_remote.html"/>
		<source id="debuggingcode_run.html" title="Debugging Your Code" url="debuggingcode_run.html"/>
		<source id="dialogs.html" title="Dialog Windows" url="dialogs.html"/>
		<source id="dialogs_attachtoprocess.html" title="Attach to Process Dialog Box" url="dialogs_attachtoprocess.html"/>
		<source id="dialogs_checkout.html" title="Checkout Dialog Box" url="dialogs_checkout.html"/>
		<source id="dialogs_classproperties.html" title="Insert Bean Methods Dialog Box" url="dialogs_classproperties.html"/>
		<source id="dialogs_cvsedit.html" title="Edit Dialog Box" url="dialogs_cvsedit.html"/>
		<source id="dialogs_cvsproperties.html" title="CVS Properties Dialog Box" url="dialogs_cvsproperties.html"/>
		<source id="dialogs_cvsremove.html" title="Remove Dialog Box" url="dialogs_cvsremove.html"/>
		<source id="dialogs_cvsstatus.html" title="Status Dialog Box" url="dialogs_cvsstatus.html"/>
		<source id="dialogs_cvsunedit.html" title="UnEdit Dialog Box" url="dialogs_cvsunedit.html"/>
		<source id="dialogs_cvsupdate.html" title="Update Dialog Box" url="dialogs_cvsupdate.html"/>
		<source id="dialogs_filesplitter.html" title="File Splitter Dialog Box" url="dialogs_filesplitter.html"/>
		<source id="dialogs_jdktools.html" title="Tool Configuration Dialog Box" url="dialogs_jdktools.html"/>
		<source id="dialogs_optionsclassview.html" title="Class View Pane" url="dialogs_optionsclassview.html"/>
		<source id="dialogs_optionscodecompletion.html" title="Code Completion Pane" url="dialogs_optionscodecompletion.html"/>
		<source id="dialogs_optionsstartup.html" title="Startup Pane" url="dialogs_optionsstartup.html"/>
		<source id="dialogs_optionstaskview.html" title="Task View Pane" url="dialogs_optionstaskview.html"/>
		<source id="dialogs_optionstoolsettings.html" title="Tool Settings Pane" url="dialogs_optionstoolsettings.html"/>
		<source id="editor_bookmarks.html" title="Setting Bookmarks" url="editor_bookmarks.html"/>
		<source id="getstarted_console.html" title="Creating a Java Console Application" url="getstarted_console.html"/>
		<source id="glossary_terms.html" title="Glossary" url="glossary_terms.html"/>
		<source id="index.html" title="Index" url="index.html"/>
		<source id="menus_file.html" title="File Menu" url="menus_file.html"/>
		<source id="menus_tools.html" title="Tools Menu" url="menus_tools.html"/>
		<source id="menus_tools_le.html" title="Tools Menu" url="menus_tools_le.html"/>
		<source id="menus_view.html" title="View Menu" url="menus_view.html"/>
		<source id="menus_view_le.html" title="View Menu" url="menus_view_le.html"/>
		<source id="workspace_outputviews.html" title="Using the Output Views" url="workspace_outputviews.html"/>
		<source id="workspace_taskview.html" title="Using the Task View" url="workspace_taskview.html"/>
	</word>
	<word id="previously">
		<source id="editor_wordcompletion.html" title="Using Word Completion" url="editor_wordcompletion.html"/>
	</word>
	<word id="pattern">
		<source id="dialogs_find.html" title="Find Text Dialog Box" url="dialogs_find.html"/>
		<source id="dialogs_findreplace.html" title="Replace Text Dialog Box" url="dialogs_findreplace.html"/>
		<source id="dialogs_optionsoutputparser.html" title="Output Parser Pane" url="dialogs_optionsoutputparser.html"/>
		<source id="dialogs_windows.html" title="Windows Dialog Box" url="dialogs_windows.html"/>
	</word>
	<word id="permanently">
		<source id="dialogs_cvsremove.html" title="Remove Dialog Box" url="dialogs_cvsremove.html"/>
		<source id="workspace_taskview.html" title="Using the Task View" url="workspace_taskview.html"/>
	</word>
	<word id="periods">
		<source id="dialogs_cvscommit.html" title="Commit Dialog Box" url="dialogs_cvscommit.html"/>
		<source id="dialogs_cvsremove.html" title="Remove Dialog Box" url="dialogs_cvsremove.html"/>
		<source id="dialogs_cvsupdate.html" title="Update Dialog Box" url="dialogs_cvsupdate.html"/>
	</word>
	<word id="processed">
		<source id="dialogs_checkout.html" title="Checkout Dialog Box" url="dialogs_checkout.html"/>
		<source id="dialogs_classproperties.html" title="Insert Bean Methods Dialog Box" url="dialogs_classproperties.html"/>
		<source id="dialogs_cvscommit.html" title="Commit Dialog Box" url="dialogs_cvscommit.html"/>
		<source id="dialogs_cvsedit.html" title="Edit Dialog Box" url="dialogs_cvsedit.html"/>
		<source id="dialogs_cvsremove.html" title="Remove Dialog Box" url="dialogs_cvsremove.html"/>
		<source id="dialogs_cvsstatus.html" title="Status Dialog Box" url="dialogs_cvsstatus.html"/>
		<source id="dialogs_cvsunedit.html" title="UnEdit Dialog Box" url="dialogs_cvsunedit.html"/>
		<source id="dialogs_cvsupdate.html" title="Update Dialog Box" url="dialogs_cvsupdate.html"/>
	</word>
	<word id="point">
		<source id="debuggingcode_run.html" title="Debugging Your Code" url="debuggingcode_run.html"/>
		<source id="editor_howto_dragdroptext.html" title="How to: Drag and Drop Text" url="editor_howto_dragdroptext.html"/>
		<source id="editor_howto_foldingcode.html" title="How to: Outline and Hide Code" url="editor_howto_foldingcode.html"/>
		<source id="menus_edit.html" title="Edit Menu" url="menus_edit.html"/>
		<source id="menus_edit_le.html" title="Edit Menu" url="menus_edit_le.html"/>
	</word>
	<word id="programs">
		<source id="appendix_shareware.html" title="Try Before You Buy" url="appendix_shareware.html"/>
		<source id="glossary_terms.html" title="Glossary" url="glossary_terms.html"/>
		<source id="menus_help.html" title="Help Menu" url="menus_help.html"/>
		<source id="versioncontrol_cvs.html" title="Setting up CVS" url="versioncontrol_cvs.html"/>
	</word>
	<word id="protected">
		<source id="appendix_copyrights.html" title="Copyright © 2000-2008 Xinox Software" url="appendix_copyrights.html"/>
		<source id="appendix_license.html" title="JCreator Pro, License Agreement" url="appendix_license.html"/>
		<source id="appendix_license_le.html" title="JCreator LE, License Agreement" url="appendix_license_le.html"/>
		<source id="dialogs_classwizard.html" title="Class Wizard Dialog Box" url="dialogs_classwizard.html"/>
		<source id="dialogs_interfacewizard.html" title="Interface Wizard Dialog Box" url="dialogs_interfacewizard.html"/>
		<source id="dialogs_newmethod.html" title="New Method Dialog Box" url="dialogs_newmethod.html"/>
		<source id="dialogs_newvariabledialogbox.html" title="New Variable Dialog Box Pane" url="dialogs_newvariabledialogbox.html"/>
		<source id="dialogs_optionsclassview.html" title="Class View Pane" url="dialogs_optionsclassview.html"/>
		<source id="workspace_howto_sortclassview.html" title="How to: Sort the Class View" url="workspace_howto_sortclassview.html"/>
	</word>
	<word id="perform">
		<source id="ant_examples.html" title="Ant Examples" url="ant_examples.html"/>
		<source id="dialogs_cvsaddoptions.html" title="Add Options Dialog Box" url="dialogs_cvsaddoptions.html"/>
		<source id="editor_findreplacefiles.html" title="Find and Replace in Files" url="editor_findreplacefiles.html"/>
		<source id="getstarted_console.html" title="Creating a Java Console Application" url="getstarted_console.html"/>
		<source id="workspace_fileview.html" title="Using File View" url="workspace_fileview.html"/>
	</word>
	<word id="pane">
		<source id="ant_examples.html" title="Ant Examples" url="ant_examples.html"/>
		<source id="ant_view.html" title="Ant View" url="ant_view.html"/>
		<source id="buildingcode_build.html" title="Building Your Code" url="buildingcode_build.html"/>
		<source id="buildingcode_howtodisa_taskview.html" title="How to: Disable the Task View" url="buildingcode_howtodisa_taskview.html"/>
		<source id="buildingcode_howtoswitch_profiles.html" title="How to: Change JDK Profiles" url="buildingcode_howtoswitch_profiles.html"/>
		<source id="dialogs.html" title="Dialog Windows" url="dialogs.html"/>
		<source id="dialogs_checkout.html" title="Checkout Dialog Box" url="dialogs_checkout.html"/>
		<source id="dialogs_classwizard.html" title="Class Wizard Dialog Box" url="dialogs_classwizard.html"/>
		<source id="dialogs_customize.html" title="Customize Dialog" url="dialogs_customize.html"/>
		<source id="dialogs_customizecommands.html" title="Customize Commands Pane" url="dialogs_customizecommands.html"/>
		<source id="dialogs_customizekeyboard.html" title="Customize Keyboard Pane" url="dialogs_customizekeyboard.html"/>
		<source id="dialogs_customizeoptions.html" title="Customize Options Pane" url="dialogs_customizeoptions.html"/>
		<source id="dialogs_customizetoolbars.html" title="Customize Toolbars Pane" url="dialogs_customizetoolbars.html"/>
		<source id="dialogs_filewizard.html" title="File Wizard Dialog Box" url="dialogs_filewizard.html"/>
		<source id="dialogs_interfacewizard.html" title="Interface Wizard Dialog Box" url="dialogs_interfacewizard.html"/>
		<source id="dialogs_jdktools.html" title="Tool Configuration Dialog Box" url="dialogs_jdktools.html"/>
		<source id="dialogs_le.html" title="Dialog Windows" url="dialogs_le.html"/>
		<source id="dialogs_newvariabledialogbox.html" title="New Variable Dialog Box Pane" url="dialogs_newvariabledialogbox.html"/>
		<source id="dialogs_options.html" title="Options Dialog" url="dialogs_options.html"/>
		<source id="dialogs_options_le.html" title="Options Dialog" url="dialogs_options_le.html"/>
		<source id="dialogs_optionsclassdoc.html" title="Class Document Pane" url="dialogs_optionsclassdoc.html"/>
		<source id="dialogs_optionsclassview.html" title="Class View Pane" url="dialogs_optionsclassview.html"/>
		<source id="dialogs_optionscodecompletion.html" title="Code Completion Pane" url="dialogs_optionscodecompletion.html"/>
		<source id="dialogs_optionscodeinsertion.html" title="Code Insertion Pane" url="dialogs_optionscodeinsertion.html"/>
		<source id="dialogs_optionscolors.html" title="Colors Pane" url="dialogs_optionscolors.html"/>
		<source id="dialogs_optionsdirectories.html" title="Directories Pane" url="dialogs_optionsdirectories.html"/>
		<source id="dialogs_optionsdocuments.html" title="Documents Pane" url="dialogs_optionsdocuments.html"/>
		<source id="dialogs_optionseditor.html" title="Editor Pane" url="dialogs_optionseditor.html"/>
		<source id="dialogs_optionsfileassociations.html" title="File Assocations Pane" url="dialogs_optionsfileassociations.html"/>
		<source id="dialogs_optionsfileview.html" title="File View Pane" url="dialogs_optionsfileview.html"/>
		<source id="dialogs_optionsfolding.html" title="Folding Pane" url="dialogs_optionsfolding.html"/>
		<source id="dialogs_optionsfont.html" title="Font Pane" url="dialogs_optionsfont.html"/>
		<source id="dialogs_optionsgeneral.html" title="General Pane" url="dialogs_optionsgeneral.html"/>
		<source id="dialogs_optionsjdkprofiles.html" title="JDK Profiles Pane" url="dialogs_optionsjdkprofiles.html"/>
		<source id="dialogs_optionsjdktools.html" title="JDK Tools Pane" url="dialogs_optionsjdktools.html"/>
		<source id="dialogs_optionsoutputparser.html" title="Output Parser Pane" url="dialogs_optionsoutputparser.html"/>
		<source id="dialogs_optionsoutputview.html" title="Output View Pane" url="dialogs_optionsoutputview.html"/>
		<source id="dialogs_optionsprint.html" title="Printer Pane" url="dialogs_optionsprint.html"/>
		<source id="dialogs_optionsstartup.html" title="Startup Pane" url="dialogs_optionsstartup.html"/>
		<source id="dialogs_optionssyntax.html" title="Syntax Pane" url="dialogs_optionssyntax.html"/>
		<source id="dialogs_optionstaskview.html" title="Task View Pane" url="dialogs_optionstaskview.html"/>
		<source id="dialogs_optionstemplates.html" title="Templates Pane" url="dialogs_optionstemplates.html"/>
		<source id="dialogs_optionstoolmacros.html" title="Tool Macros Pane" url="dialogs_optionstoolmacros.html"/>
		<source id="dialogs_optionstools.html" title="Tools Pane" url="dialogs_optionstools.html"/>
		<source id="dialogs_optionstoolsettings.html" title="Tool Settings Pane" url="dialogs_optionstoolsettings.html"/>
		<source id="dialogs_optionsworkspace.html" title="Workspace Pane" url="dialogs_optionsworkspace.html"/>
		<source id="dialogs_projectsettings.html" title="Project Settings Dialog Box" url="dialogs_projectsettings.html"/>
		<source id="dialogs_projectwizard.html" title="Project Wizard Dialog Box" url="dialogs_projectwizard.html"/>
		<source id="editor_bookmarks.html" title="Setting Bookmarks" url="editor_bookmarks.html"/>
		<source id="editor_findreplace.html" title="Find and Replace" url="editor_findreplace.html"/>
		<source id="editor_findsymbols.html" title="Find Symbols" url="editor_findsymbols.html"/>
		<source id="editor_howto_customize.html" title="How to: Customize the Editor" url="editor_howto_customize.html"/>
		<source id="editor_howto_printcode.html" title="How to: Print Code from the Editor" url="editor_howto_printcode.html"/>
		<source id="extending_usertools.html" title="User Tools" url="extending_usertools.html"/>
		<source id="getstarted_console.html" title="Creating a Java Console Application" url="getstarted_console.html"/>
		<source id="index.html" title="Index" url="index.html"/>
		<source id="menus_view.html" title="View Menu" url="menus_view.html"/>
		<source id="menus_view_le.html" title="View Menu" url="menus_view_le.html"/>
		<source id="workspace_classview.html" title="Using the Class View and Package View" url="workspace_classview.html"/>
		<source id="workspace_howto_customize.html" title="How to: Customize JCreator" url="workspace_howto_customize.html"/>
		<source id="workspace_howto_sortclassview.html" title="How to: Sort the Class View" url="workspace_howto_sortclassview.html"/>
		<source id="workspace_outputviews.html" title="Using the Output Views" url="workspace_outputviews.html"/>
		<source id="workspace_overview.html" title="Workspace Overview" url="workspace_overview.html"/>
		<source id="workspace_taskview.html" title="Using the Task View" url="workspace_taskview.html"/>
	</word>
	<word id="p">
		<source id="ant_about.html" title="What is Ant" url="ant_about.html"/>
		<source id="ant_examples.html" title="Ant Examples" url="ant_examples.html"/>
		<source id="ant_howto_codecompletion.html" title="How to: Customize Ant Code Completion" url="ant_howto_codecompletion.html"/>
		<source id="appendix_license.html" title="JCreator Pro, License Agreement" url="appendix_license.html"/>
		<source id="appendix_license_le.html" title="JCreator LE, License Agreement" url="appendix_license_le.html"/>
		<source id="buildingcode_build.html" title="Building Your Code" url="buildingcode_build.html"/>
		<source id="buildingcode_howtoconf_classpath.html" title="How to: Configure the Classpath" url="buildingcode_howtoconf_classpath.html"/>
		<source id="buildingcode_howtoconf_tomcat.html" title="How to: Use JCreator with Tomcat" url="buildingcode_howtoconf_tomcat.html"/>
		<source id="buildingcode_howtoswitch_profiles.html" title="How to: Change JDK Profiles" url="buildingcode_howtoswitch_profiles.html"/>
		<source id="debuggingcode.html" title="Debugging Code" url="debuggingcode.html"/>
		<source id="debuggingcode_howtoconf_tomcat.html" title="How to: Debug Servlets with Tomcat" url="debuggingcode_howtoconf_tomcat.html"/>
		<source id="dialogs_attachtoprocess.html" title="Attach to Process Dialog Box" url="dialogs_attachtoprocess.html"/>
		<source id="dialogs_checkout.html" title="Checkout Dialog Box" url="dialogs_checkout.html"/>
		<source id="dialogs_cvsproperties.html" title="CVS Properties Dialog Box" url="dialogs_cvsproperties.html"/>
		<source id="dialogs_cvsupdate.html" title="Update Dialog Box" url="dialogs_cvsupdate.html"/>
		<source id="dialogs_jdktools.html" title="Tool Configuration Dialog Box" url="dialogs_jdktools.html"/>
		<source id="dialogs_optionscodecompletion.html" title="Code Completion Pane" url="dialogs_optionscodecompletion.html"/>
		<source id="dialogs_optionsfileview.html" title="File View Pane" url="dialogs_optionsfileview.html"/>
		<source id="dialogs_optionsprint.html" title="Printer Pane" url="dialogs_optionsprint.html"/>
		<source id="dialogs_optionstemplates.html" title="Templates Pane" url="dialogs_optionstemplates.html"/>
		<source id="dialogs_optionstoolmacros.html" title="Tool Macros Pane" url="dialogs_optionstoolmacros.html"/>
		<source id="dialogs_optionstools.html" title="Tools Pane" url="dialogs_optionstools.html"/>
		<source id="dialogs_optionsworkspace.html" title="Workspace Pane" url="dialogs_optionsworkspace.html"/>
		<source id="dialogs_outputexpressions.html" title="Output Expression Properties Dialog Box" url="dialogs_outputexpressions.html"/>
		<source id="dialogs_projectsettings.html" title="Project Settings Dialog Box" url="dialogs_projectsettings.html"/>
		<source id="dialogs_setmain.html" title="Set Main Method Arguments Dialog Box" url="dialogs_setmain.html"/>
		<source id="dialogs_startupwizard.html" title="Startup Wizard Dialog Box" url="dialogs_startupwizard.html"/>
		<source id="editor_codecompletion.html" title="Using Code Completion" url="editor_codecompletion.html"/>
		<source id="editor_codesnippets.html" title="Using Code Snippets" url="editor_codesnippets.html"/>
		<source id="editor_findreplace.html" title="Find and Replace" url="editor_findreplace.html"/>
		<source id="editor_findreplacefiles.html" title="Find and Replace in Files" url="editor_findreplacefiles.html"/>
		<source id="editor_overview.html" title="Editing Overview" url="editor_overview.html"/>
		<source id="editor_regularexpressions.html" title="Regular Expressions" url="editor_regularexpressions.html"/>
		<source id="extending_filetemplates.html" title="File Templates" url="extending_filetemplates.html"/>
		<source id="extending_projtemplates.html" title="Project Templates" url="extending_projtemplates.html"/>
		<source id="getstarted_console.html" title="Creating a Java Console Application" url="getstarted_console.html"/>
		<source id="getstarted_installation.html" title="Installation and Setup" url="getstarted_installation.html"/>
		<source id="glossary_terms.html" title="Glossary" url="glossary_terms.html"/>
		<source id="introduction_about.html" title="About JCreator" url="introduction_about.html"/>
		<source id="introduction_features.html" title="Features" url="introduction_features.html"/>
		<source id="menus_edit.html" title="Edit Menu" url="menus_edit.html"/>
		<source id="versioncontrol_cvs.html" title="Setting up CVS" url="versioncontrol_cvs.html"/>
		<source id="workspace_classview.html" title="Using the Class View and Package View" url="workspace_classview.html"/>
		<source id="workspace_howto_newproject.html" title="How to: Create a Project" url="workspace_howto_newproject.html"/>
		<source id="workspace_howto_sortclassview.html" title="How to: Sort the Class View" url="workspace_howto_sortclassview.html"/>
		<source id="workspace_overview.html" title="Workspace Overview" url="workspace_overview.html"/>
	</word>
	<word id="periodic">
		<source id="menus_edit.html" title="Edit Menu" url="menus_edit.html"/>
		<source id="menus_edit_le.html" title="Edit Menu" url="menus_edit_le.html"/>
	</word>
	<word id="packages">
		<source id="dialogs_setlibrary.html" title="Set Library Dialog Box" url="dialogs_setlibrary.html"/>
		<source id="getstarted_console.html" title="Creating a Java Console Application" url="getstarted_console.html"/>
		<source id="glossary_terms.html" title="Glossary" url="glossary_terms.html"/>
		<source id="menus_view.html" title="View Menu" url="menus_view.html"/>
		<source id="menus_view_le.html" title="View Menu" url="menus_view_le.html"/>
		<source id="workspace_classview.html" title="Using the Class View and Package View" url="workspace_classview.html"/>
	</word>
	<word id="pair">
		<source id="dialogs_outputexpressions.html" title="Output Expression Properties Dialog Box" url="dialogs_outputexpressions.html"/>
	</word>
	<word id="prompting">
		<source id="dialogs_optionstaskview.html" title="Task View Pane" url="dialogs_optionstaskview.html"/>
		<source id="menus_file.html" title="File Menu" url="menus_file.html"/>
	</word>
	<word id="parent">
		<source id="dialogs_optionsfolding.html" title="Folding Pane" url="dialogs_optionsfolding.html"/>
		<source id="menus_edit.html" title="Edit Menu" url="menus_edit.html"/>
		<source id="menus_edit_le.html" title="Edit Menu" url="menus_edit_le.html"/>
	</word>
	<word id="pop">
		<source id="dialogs_optionscodecompletion.html" title="Code Completion Pane" url="dialogs_optionscodecompletion.html"/>
		<source id="dialogs_optionstemplates.html" title="Templates Pane" url="dialogs_optionstemplates.html"/>
		<source id="editor_codecompletion.html" title="Using Code Completion" url="editor_codecompletion.html"/>
		<source id="editor_codesnippets.html" title="Using Code Snippets" url="editor_codesnippets.html"/>
	</word>
	<word id="places">
		<source id="dialogs_cvsremove.html" title="Remove Dialog Box" url="dialogs_cvsremove.html"/>
		<source id="dialogs_find.html" title="Find Text Dialog Box" url="dialogs_find.html"/>
		<source id="dialogs_optionscodeinsertion.html" title="Code Insertion Pane" url="dialogs_optionscodeinsertion.html"/>
	</word>
	<word id="plus">
		<source id="buildingcode.html" title="Building and Running Code" url="buildingcode.html"/>
		<source id="editor_howto_foldingcode.html" title="How to: Outline and Hide Code" url="editor_howto_foldingcode.html"/>
		<source id="editor_regularexpressions.html" title="Regular Expressions" url="editor_regularexpressions.html"/>
		<source id="glossary_terms.html" title="Glossary" url="glossary_terms.html"/>
		<source id="introduction_help.html" title="Help Introduction" url="introduction_help.html"/>
		<source id="menus_edit.html" title="Edit Menu" url="menus_edit.html"/>
		<source id="menus_edit_le.html" title="Edit Menu" url="menus_edit_le.html"/>
		<source id="workspace_fileview.html" title="Using File View" url="workspace_fileview.html"/>
	</word>
	<word id="productivity">
		<source id="appendix_order.html" title="Ordering JCreator" url="appendix_order.html"/>
		<source id="editor_overview.html" title="Editing Overview" url="editor_overview.html"/>
	</word>
	<word id="please">
		<source id="appendix_order.html" title="Ordering JCreator" url="appendix_order.html"/>
		<source id="appendix_website.html" title="JCreator Online" url="appendix_website.html"/>
	</word>
	<word id="performance">
		<source id="appendix_license.html" title="JCreator Pro, License Agreement" url="appendix_license.html"/>
		<source id="appendix_license_le.html" title="JCreator LE, License Agreement" url="appendix_license_le.html"/>
		<source id="dialogs_jdktools.html" title="Tool Configuration Dialog Box" url="dialogs_jdktools.html"/>
		<source id="dialogs_optionstoolsettings.html" title="Tool Settings Pane" url="dialogs_optionstoolsettings.html"/>
	</word>
	<word id="providing">
		<source id="appendix_license.html" title="JCreator Pro, License Agreement" url="appendix_license.html"/>
		<source id="appendix_license_le.html" title="JCreator LE, License Agreement" url="appendix_license_le.html"/>
		<source id="glossary_terms.html" title="Glossary" url="glossary_terms.html"/>
		<source id="workspace_taskview.html" title="Using the Task View" url="workspace_taskview.html"/>
	</word>
	<word id="publish">
		<source id="appendix_license.html" title="JCreator Pro, License Agreement" url="appendix_license.html"/>
		<source id="appendix_license_le.html" title="JCreator LE, License Agreement" url="appendix_license_le.html"/>
	</word>
	<word id="provides">
		<source id="ant_codecompletion.html" title="Using Ant Code Completion" url="ant_codecompletion.html"/>
		<source id="ant_howto_conf.html" title="How to: Configure Ant" url="ant_howto_conf.html"/>
		<source id="ant_view.html" title="Ant View" url="ant_view.html"/>
		<source id="buildingcode.html" title="Building and Running Code" url="buildingcode.html"/>
		<source id="buildingcode_howtoconf_interpreter.html" title="How to: Configure the Interpreter" url="buildingcode_howtoconf_interpreter.html"/>
		<source id="customize.html" title="Customizing JCreator" url="customize.html"/>
		<source id="dialogs.html" title="Dialog Windows" url="dialogs.html"/>
		<source id="dialogs_le.html" title="Dialog Windows" url="dialogs_le.html"/>
		<source id="dialogs_optionsclassdoc.html" title="Class Document Pane" url="dialogs_optionsclassdoc.html"/>
		<source id="editor.html" title="Editing Code" url="editor.html"/>
		<source id="editor_howto_customize.html" title="How to: Customize the Editor" url="editor_howto_customize.html"/>
		<source id="editor_le.html" title="Editing Code" url="editor_le.html"/>
		<source id="extending.html" title="Extending JCreator" url="extending.html"/>
		<source id="introduction_about.html" title="About JCreator" url="introduction_about.html"/>
		<source id="menus_edit.html" title="Edit Menu" url="menus_edit.html"/>
		<source id="menus_edit_le.html" title="Edit Menu" url="menus_edit_le.html"/>
		<source id="workspace_howto_customize.html" title="How to: Customize JCreator" url="workspace_howto_customize.html"/>
		<source id="workspace_taskview.html" title="Using the Task View" url="workspace_taskview.html"/>
	</word>
	<word id="purple">
		<source id="workspace_classview.html" title="Using the Class View and Package View" url="workspace_classview.html"/>
	</word>
	<word id="printin">
		<source id="debuggingcode_run.html" title="Debugging Your Code" url="debuggingcode_run.html"/>
	</word>
	<word id="password">
		<source id="buildingcode_howtoconf_tomcat.html" title="How to: Use JCreator with Tomcat" url="buildingcode_howtoconf_tomcat.html"/>
		<source id="versioncontrol_cvs.html" title="Setting up CVS" url="versioncontrol_cvs.html"/>
	</word>
	<word id="possibility">
		<source id="appendix_license.html" title="JCreator Pro, License Agreement" url="appendix_license.html"/>
		<source id="appendix_license_le.html" title="JCreator LE, License Agreement" url="appendix_license_le.html"/>
	</word>
	<word id="permitted">
		<source id="appendix_license.html" title="JCreator Pro, License Agreement" url="appendix_license.html"/>
		<source id="appendix_license_le.html" title="JCreator LE, License Agreement" url="appendix_license_le.html"/>
		<source id="index.html" title="Index" url="index.html"/>
	</word>
	<word id="provide">
		<source id="ant_examples.html" title="Ant Examples" url="ant_examples.html"/>
		<source id="ant_howto_addsnippets.html" title="How to: Add Ant Code Snippets" url="ant_howto_addsnippets.html"/>
		<source id="appendix_license.html" title="JCreator Pro, License Agreement" url="appendix_license.html"/>
		<source id="appendix_license_le.html" title="JCreator LE, License Agreement" url="appendix_license_le.html"/>
	</word>
	<word id="programmergroup">
		<source id="versioncontrol_cvs.html" title="Setting up CVS" url="versioncontrol_cvs.html"/>
	</word>
	<word id="panel">
		<source id="versioncontrol_cvs.html" title="Setting up CVS" url="versioncontrol_cvs.html"/>
	</word>
	<word id="prompted">
		<source id="menus_file.html" title="File Menu" url="menus_file.html"/>
		<source id="menus_window.html" title="Window Menu" url="menus_window.html"/>
	</word>
	<word id="probably">
		<source id="editor_navigate.html" title="Navigating Through Code" url="editor_navigate.html"/>
		<source id="workspace_fileview.html" title="Using File View" url="workspace_fileview.html"/>
	</word>
	<word id="possible">
		<source id="dialogs_setruntimeconf.html" title="Set Runtime Configuration Dialog Box" url="dialogs_setruntimeconf.html"/>
	</word>
	<word id="pages">
		<source id="dialogs_optionsprint.html" title="Printer Pane" url="dialogs_optionsprint.html"/>
		<source id="dialogs_projectwizard.html" title="Project Wizard Dialog Box" url="dialogs_projectwizard.html"/>
		<source id="glossary_terms.html" title="Glossary" url="glossary_terms.html"/>
		<source id="workspace_classview.html" title="Using the Class View and Package View" url="workspace_classview.html"/>
	</word>
	<word id="parse">
		<source id="dialogs_optionsclassview.html" title="Class View Pane" url="dialogs_optionsclassview.html"/>
	</word>
	<word id="pserver">
		<source id="dialogs_checkout.html" title="Checkout Dialog Box" url="dialogs_checkout.html"/>
		<source id="dialogs_cvsproperties.html" title="CVS Properties Dialog Box" url="dialogs_cvsproperties.html"/>
		<source id="glossary_terms.html" title="Glossary" url="glossary_terms.html"/>
		<source id="versioncontrol_cvs.html" title="Setting up CVS" url="versioncontrol_cvs.html"/>
	</word>
	<word id="pauses">
		<source id="debuggingcode_run.html" title="Debugging Your Code" url="debuggingcode_run.html"/>
		<source id="dialogs_customizeoptions.html" title="Customize Options Pane" url="dialogs_customizeoptions.html"/>
	</word>
	<word id="placed">
		<source id="debuggingcode_run.html" title="Debugging Your Code" url="debuggingcode_run.html"/>
		<source id="dialogs_classproperties.html" title="Insert Bean Methods Dialog Box" url="dialogs_classproperties.html"/>
		<source id="menus_edit.html" title="Edit Menu" url="menus_edit.html"/>
		<source id="menus_edit_le.html" title="Edit Menu" url="menus_edit_le.html"/>
		<source id="menus_find.html" title="Find Menu" url="menus_find.html"/>
		<source id="menus_find_le.html" title="Find Menu" url="menus_find_le.html"/>
	</word>
	<word id="particular">
		<source id="appendix_license.html" title="JCreator Pro, License Agreement" url="appendix_license.html"/>
		<source id="appendix_license_le.html" title="JCreator LE, License Agreement" url="appendix_license_le.html"/>
	</word>
	<word id="prohibited">
		<source id="appendix_license.html" title="JCreator Pro, License Agreement" url="appendix_license.html"/>
		<source id="appendix_license_le.html" title="JCreator LE, License Agreement" url="appendix_license_le.html"/>
	</word>
	<word id="parties">
		<source id="appendix_license.html" title="JCreator Pro, License Agreement" url="appendix_license.html"/>
		<source id="appendix_license_le.html" title="JCreator LE, License Agreement" url="appendix_license_le.html"/>
	</word>
	<word id="provided">
		<source id="appendix_license.html" title="JCreator Pro, License Agreement" url="appendix_license.html"/>
	</word>
	<word id="program">
		<source id="appendix_copyrights.html" title="Copyright © 2000-2008 Xinox Software" url="appendix_copyrights.html"/>
		<source id="appendix_license.html" title="JCreator Pro, License Agreement" url="appendix_license.html"/>
		<source id="appendix_license_le.html" title="JCreator LE, License Agreement" url="appendix_license_le.html"/>
		<source id="appendix_shareware.html" title="Try Before You Buy" url="appendix_shareware.html"/>
		<source id="buildingcode_build.html" title="Building Your Code" url="buildingcode_build.html"/>
		<source id="debuggingcode_run.html" title="Debugging Your Code" url="debuggingcode_run.html"/>
		<source id="dialogs_jdktools.html" title="Tool Configuration Dialog Box" url="dialogs_jdktools.html"/>
		<source id="dialogs_optionsgeneral.html" title="General Pane" url="dialogs_optionsgeneral.html"/>
		<source id="dialogs_optionstools.html" title="Tools Pane" url="dialogs_optionstools.html"/>
		<source id="dialogs_setmain.html" title="Set Main Method Arguments Dialog Box" url="dialogs_setmain.html"/>
		<source id="getstarted_console.html" title="Creating a Java Console Application" url="getstarted_console.html"/>
		<source id="glossary_terms.html" title="Glossary" url="glossary_terms.html"/>
		<source id="workspace_fileview.html" title="Using File View" url="workspace_fileview.html"/>
	</word>
	<word id="paste">
		<source id="ant_howto_addsnippets.html" title="How to: Add Ant Code Snippets" url="ant_howto_addsnippets.html"/>
		<source id="menus_edit.html" title="Edit Menu" url="menus_edit.html"/>
		<source id="menus_edit_le.html" title="Edit Menu" url="menus_edit_le.html"/>
	</word>
	<word id="purposes">
		<source id="ant_codecompletion.html" title="Using Ant Code Completion" url="ant_codecompletion.html"/>
		<source id="appendix_license.html" title="JCreator Pro, License Agreement" url="appendix_license.html"/>
		<source id="appendix_license_le.html" title="JCreator LE, License Agreement" url="appendix_license_le.html"/>
		<source id="editor_regularexpressions.html" title="Regular Expressions" url="editor_regularexpressions.html"/>
	</word>
	<word id="power">
		<source id="introduction_about.html" title="About JCreator" url="introduction_about.html"/>
	</word>
	<word id="punctuation">
		<source id="editor_regularexpressions.html" title="Regular Expressions" url="editor_regularexpressions.html"/>
	</word>
	<word id="pre">
		<source id="dialogs_runtimeconfigs.html" title="Runtime Configuration Dialog Box" url="dialogs_runtimeconfigs.html"/>
	</word>
	<word id="priority">
		<source id="appendix_order.html" title="Ordering JCreator" url="appendix_order.html"/>
	</word>
	<word id="proposals">
		<source id="appendix_license.html" title="JCreator Pro, License Agreement" url="appendix_license.html"/>
		<source id="appendix_license_le.html" title="JCreator LE, License Agreement" url="appendix_license_le.html"/>
	</word>
	<word id="personal">
		<source id="appendix_license.html" title="JCreator Pro, License Agreement" url="appendix_license.html"/>
		<source id="appendix_license_le.html" title="JCreator LE, License Agreement" url="appendix_license_le.html"/>
		<source id="editor_howto_customize.html" title="How to: Customize the Editor" url="editor_howto_customize.html"/>
		<source id="workspace_howto_customize.html" title="How to: Customize JCreator" url="workspace_howto_customize.html"/>
	</word>
	<word id="primarily">
		<source id="appendix_license.html" title="JCreator Pro, License Agreement" url="appendix_license.html"/>
		<source id="appendix_license_le.html" title="JCreator LE, License Agreement" url="appendix_license_le.html"/>
	</word>
	<word id="property">
		<source id="appendix_license.html" title="JCreator Pro, License Agreement" url="appendix_license.html"/>
		<source id="appendix_license_le.html" title="JCreator LE, License Agreement" url="appendix_license_le.html"/>
		<source id="debuggingcode_run.html" title="Debugging Your Code" url="debuggingcode_run.html"/>
	</word>
	<word id="paid">
		<source id="appendix_license.html" title="JCreator Pro, License Agreement" url="appendix_license.html"/>
	</word>
	<word id="press">
		<source id="ant_howto_addsnippets.html" title="How to: Add Ant Code Snippets" url="ant_howto_addsnippets.html"/>
		<source id="buildingcode_build.html" title="Building Your Code" url="buildingcode_build.html"/>
		<source id="buildingcode_howtoconf_tomcat.html" title="How to: Use JCreator with Tomcat" url="buildingcode_howtoconf_tomcat.html"/>
		<source id="buildingcode_run.html" title="Running Your Code" url="buildingcode_run.html"/>
		<source id="dialogs_customizekeyboard.html" title="Customize Keyboard Pane" url="dialogs_customizekeyboard.html"/>
		<source id="dialogs_optionscodecompletion.html" title="Code Completion Pane" url="dialogs_optionscodecompletion.html"/>
		<source id="dialogs_optionstemplates.html" title="Templates Pane" url="dialogs_optionstemplates.html"/>
		<source id="editor_codecompletion.html" title="Using Code Completion" url="editor_codecompletion.html"/>
		<source id="editor_codesnippets.html" title="Using Code Snippets" url="editor_codesnippets.html"/>
		<source id="editor_howto_commentselection.html" title="How to: Comment a Selection" url="editor_howto_commentselection.html"/>
		<source id="editor_howto_dragdroptext.html" title="How to: Drag and Drop Text" url="editor_howto_dragdroptext.html"/>
		<source id="editor_wordcompletion.html" title="Using Word Completion" url="editor_wordcompletion.html"/>
		<source id="glossary_terms.html" title="Glossary" url="glossary_terms.html"/>
		<source id="versioncontrol_cvs.html" title="Setting up CVS" url="versioncontrol_cvs.html"/>
	</word>
	<word id="platform">
		<source id="ant_about.html" title="What is Ant" url="ant_about.html"/>
		<source id="debuggingcode.html" title="Debugging Code" url="debuggingcode.html"/>
		<source id="glossary_terms.html" title="Glossary" url="glossary_terms.html"/>
	</word>
	<word id="placing">
		<source id="workspace_overview.html" title="Workspace Overview" url="workspace_overview.html"/>
	</word>
	<word id="proceeds">
		<source id="menus_run.html" title="Run Menu" url="menus_run.html"/>
	</word>
	<word id="procedure">
		<source id="menus_file.html" title="File Menu" url="menus_file.html"/>
		<source id="versioncontrol.html" title="Version Control" url="versioncontrol.html"/>
	</word>
	<word id="passwords">
		<source id="glossary_terms.html" title="Glossary" url="glossary_terms.html"/>
	</word>
	<word id="positioned">
		<source id="glossary_terms.html" title="Glossary" url="glossary_terms.html"/>
	</word>
	<word id="pin">
		<source id="getstarted_console.html" title="Creating a Java Console Application" url="getstarted_console.html"/>
		<source id="introduction_help.html" title="Help Introduction" url="introduction_help.html"/>
		<source id="workspace_fileview.html" title="Using File View" url="workspace_fileview.html"/>
		<source id="workspace_outputviews.html" title="Using the Output Views" url="workspace_outputviews.html"/>
		<source id="workspace_overview.html" title="Workspace Overview" url="workspace_overview.html"/>
	</word>
	<word id="parser">
		<source id="dialogs_options.html" title="Options Dialog" url="dialogs_options.html"/>
		<source id="dialogs_options_le.html" title="Options Dialog" url="dialogs_options_le.html"/>
		<source id="dialogs_optionsclassview.html" title="Class View Pane" url="dialogs_optionsclassview.html"/>
		<source id="dialogs_optionsoutputparser.html" title="Output Parser Pane" url="dialogs_optionsoutputparser.html"/>
		<source id="dialogs_outputexpressions.html" title="Output Expression Properties Dialog Box" url="dialogs_outputexpressions.html"/>
		<source id="glossary_terms.html" title="Glossary" url="glossary_terms.html"/>
	</word>
	<word id="problems">
		<source id="debuggingcode.html" title="Debugging Code" url="debuggingcode.html"/>
		<source id="debuggingcode_run.html" title="Debugging Your Code" url="debuggingcode_run.html"/>
	</word>
	<word id="prefer">
		<source id="buildingcode_howtodisa_output.html" title="How to: Disable Capture Output" url="buildingcode_howtodisa_output.html"/>
	</word>
	<word id="pecuniary">
		<source id="appendix_license.html" title="JCreator Pro, License Agreement" url="appendix_license.html"/>
		<source id="appendix_license_le.html" title="JCreator LE, License Agreement" url="appendix_license_le.html"/>
	</word>
	<word id="payment">
		<source id="appendix_license.html" title="JCreator Pro, License Agreement" url="appendix_license.html"/>
	</word>
	<word id="party">
		<source id="appendix_license.html" title="JCreator Pro, License Agreement" url="appendix_license.html"/>
		<source id="appendix_license_le.html" title="JCreator LE, License Agreement" url="appendix_license_le.html"/>
	</word>
	<word id="properties">
		<source id="ant_examples.html" title="Ant Examples" url="ant_examples.html"/>
		<source id="ant_howto_addbuilds.html" title="How to: Add Ant Build Files" url="ant_howto_addbuilds.html"/>
		<source id="ant_howto_assigntargets.html" title="How to: Assign Commands to Ant Targets" url="ant_howto_assigntargets.html"/>
		<source id="ant_view.html" title="Ant View" url="ant_view.html"/>
		<source id="buildingcode_howtoconf_jikes.html" title="How to: Configure the Jikes Compiler" url="buildingcode_howtoconf_jikes.html"/>
		<source id="buildingcode_howtoconf_tomcat.html" title="How to: Use JCreator with Tomcat" url="buildingcode_howtoconf_tomcat.html"/>
		<source id="buildingcode_howtoset_mainclass.html" title="How to: Set the Main Class" url="buildingcode_howtoset_mainclass.html"/>
		<source id="debuggingcode_howtoconf_tomcat.html" title="How to: Debug Servlets with Tomcat" url="debuggingcode_howtoconf_tomcat.html"/>
		<source id="dialogs.html" title="Dialog Windows" url="dialogs.html"/>
		<source id="dialogs_cvsproperties.html" title="CVS Properties Dialog Box" url="dialogs_cvsproperties.html"/>
		<source id="dialogs_filewizard.html" title="File Wizard Dialog Box" url="dialogs_filewizard.html"/>
		<source id="dialogs_jdktools.html" title="Tool Configuration Dialog Box" url="dialogs_jdktools.html"/>
		<source id="dialogs_le.html" title="Dialog Windows" url="dialogs_le.html"/>
		<source id="dialogs_optionsdocuments.html" title="Documents Pane" url="dialogs_optionsdocuments.html"/>
		<source id="dialogs_optionstemplates.html" title="Templates Pane" url="dialogs_optionstemplates.html"/>
		<source id="dialogs_optionstoolmacros.html" title="Tool Macros Pane" url="dialogs_optionstoolmacros.html"/>
		<source id="dialogs_outputexpressions.html" title="Output Expression Properties Dialog Box" url="dialogs_outputexpressions.html"/>
		<source id="dialogs_projectwizard.html" title="Project Wizard Dialog Box" url="dialogs_projectwizard.html"/>
		<source id="dialogs_versioncontrol.html" title="Version Control" url="dialogs_versioncontrol.html"/>
		<source id="extending_filetemplates.html" title="File Templates" url="extending_filetemplates.html"/>
		<source id="glossary_terms.html" title="Glossary" url="glossary_terms.html"/>
		<source id="index.html" title="Index" url="index.html"/>
		<source id="introduction_features.html" title="Features" url="introduction_features.html"/>
		<source id="menus_tools.html" title="Tools Menu" url="menus_tools.html"/>
		<source id="menus_view.html" title="View Menu" url="menus_view.html"/>
		<source id="menus_view_le.html" title="View Menu" url="menus_view_le.html"/>
		<source id="versioncontrol_cvs.html" title="Setting up CVS" url="versioncontrol_cvs.html"/>
		<source id="workspace_classview.html" title="Using the Class View and Package View" url="workspace_classview.html"/>
	</word>
	<word id="passwd">
		<source id="versioncontrol_cvs.html" title="Setting up CVS" url="versioncontrol_cvs.html"/>
	</word>
	<word id="pastes">
		<source id="menus_edit.html" title="Edit Menu" url="menus_edit.html"/>
		<source id="menus_edit_le.html" title="Edit Menu" url="menus_edit_le.html"/>
	</word>
	<word id="pecking">
		<source id="introduction_about.html" title="About JCreator" url="introduction_about.html"/>
	</word>
	<word id="printing">
		<source id="editor_howto_printcode.html" title="How to: Print Code from the Editor" url="editor_howto_printcode.html"/>
	</word>
	<word id="previous">
		<source id="dialogs_cvsremove.html" title="Remove Dialog Box" url="dialogs_cvsremove.html"/>
		<source id="dialogs_find.html" title="Find Text Dialog Box" url="dialogs_find.html"/>
		<source id="dialogs_findhelp.html" title="Find Help Topic Dialog Box" url="dialogs_findhelp.html"/>
		<source id="dialogs_findreplace.html" title="Replace Text Dialog Box" url="dialogs_findreplace.html"/>
		<source id="dialogs_findsymbol.html" title="Find Symbol Dialog Box" url="dialogs_findsymbol.html"/>
		<source id="dialogs_optionsclassdoc.html" title="Class Document Pane" url="dialogs_optionsclassdoc.html"/>
		<source id="dialogs_optionsstartup.html" title="Startup Pane" url="dialogs_optionsstartup.html"/>
		<source id="dialogs_optionsworkspace.html" title="Workspace Pane" url="dialogs_optionsworkspace.html"/>
		<source id="editor_findreplacefiles.html" title="Find and Replace in Files" url="editor_findreplacefiles.html"/>
		<source id="editor_regularexpressions.html" title="Regular Expressions" url="editor_regularexpressions.html"/>
		<source id="introduction_about.html" title="About JCreator" url="introduction_about.html"/>
		<source id="introduction_help.html" title="Help Introduction" url="introduction_help.html"/>
		<source id="menus_edit.html" title="Edit Menu" url="menus_edit.html"/>
		<source id="menus_edit_le.html" title="Edit Menu" url="menus_edit_le.html"/>
		<source id="menus_find.html" title="Find Menu" url="menus_find.html"/>
		<source id="menus_find_le.html" title="Find Menu" url="menus_find_le.html"/>
		<source id="menus_window.html" title="Window Menu" url="menus_window.html"/>
	</word>
	<word id="pause">
		<source id="debuggingcode_run.html" title="Debugging Your Code" url="debuggingcode_run.html"/>
	</word>
	<word id="parameter">
		<source id="buildingcode_howtoconf_jikes.html" title="How to: Configure the Jikes Compiler" url="buildingcode_howtoconf_jikes.html"/>
		<source id="buildingcode_howtorun_applet.html" title="How to: Run an Applet" url="buildingcode_howtorun_applet.html"/>
		<source id="dialogs_jdktools.html" title="Tool Configuration Dialog Box" url="dialogs_jdktools.html"/>
		<source id="dialogs_optionscodecompletion.html" title="Code Completion Pane" url="dialogs_optionscodecompletion.html"/>
	</word>
	<word id="portability">
		<source id="buildingcode_build.html" title="Building Your Code" url="buildingcode_build.html"/>
	</word>
	<word id="products">
		<source id="appendix_license.html" title="JCreator Pro, License Agreement" url="appendix_license.html"/>
		<source id="appendix_license_le.html" title="JCreator LE, License Agreement" url="appendix_license_le.html"/>
	</word>
	<word id="private">
		<source id="appendix_license.html" title="JCreator Pro, License Agreement" url="appendix_license.html"/>
		<source id="appendix_license_le.html" title="JCreator LE, License Agreement" url="appendix_license_le.html"/>
		<source id="dialogs_classwizard.html" title="Class Wizard Dialog Box" url="dialogs_classwizard.html"/>
		<source id="dialogs_interfacewizard.html" title="Interface Wizard Dialog Box" url="dialogs_interfacewizard.html"/>
		<source id="dialogs_newmethod.html" title="New Method Dialog Box" url="dialogs_newmethod.html"/>
		<source id="dialogs_newvariabledialogbox.html" title="New Variable Dialog Box Pane" url="dialogs_newvariabledialogbox.html"/>
		<source id="dialogs_optionsclassview.html" title="Class View Pane" url="dialogs_optionsclassview.html"/>
		<source id="dialogs_optionsstartup.html" title="Startup Pane" url="dialogs_optionsstartup.html"/>
		<source id="workspace_howto_sortclassview.html" title="How to: Sort the Class View" url="workspace_howto_sortclassview.html"/>
	</word>
</index>