<?xml version="1.0" encoding="UTF-8"?>
<!--Modified on Tuesday January 08 16:09:09, 2008 -->

<index id="z">
	<word id="z">
		<source id="buildingcode_howtoconf_classpath.html" title="How to: Configure the Classpath" url="buildingcode_howtoconf_classpath.html"/>
		<source id="dialogs_optionsfileview.html" title="File View Pane" url="dialogs_optionsfileview.html"/>
		<source id="dialogs_optionstemplates.html" title="Templates Pane" url="dialogs_optionstemplates.html"/>
		<source id="dialogs_outputexpressions.html" title="Output Expression Properties Dialog Box" url="dialogs_outputexpressions.html"/>
		<source id="editor_howto_dragdroptext.html" title="How to: Drag and Drop Text" url="editor_howto_dragdroptext.html"/>
		<source id="editor_regularexpressions.html" title="Regular Expressions" url="editor_regularexpressions.html"/>
		<source id="getstarted_installation.html" title="Installation and Setup" url="getstarted_installation.html"/>
		<source id="workspace_overview.html" title="Workspace Overview" url="workspace_overview.html"/>
	</word>
	<word id="zero">
		<source id="editor_regularexpressions.html" title="Regular Expressions" url="editor_regularexpressions.html"/>
		<source id="glossary_terms.html" title="Glossary" url="glossary_terms.html"/>
	</word>
	<word id="zip">
		<source id="buildingcode_howtoconf_classpath.html" title="How to: Configure the Classpath" url="buildingcode_howtoconf_classpath.html"/>
		<source id="dialogs_find.html" title="Find Text Dialog Box" url="dialogs_find.html"/>
		<source id="dialogs_findreplace.html" title="Replace Text Dialog Box" url="dialogs_findreplace.html"/>
		<source id="dialogs_jdkprofile.html" title="JDK Profile Dialog Box" url="dialogs_jdkprofile.html"/>
	</word>
	<word id="zipped">
		<source id="dialogs_jdkprofile.html" title="JDK Profile Dialog Box" url="dialogs_jdkprofile.html"/>
		<source id="getstarted_installation.html" title="Installation and Setup" url="getstarted_installation.html"/>
	</word>
</index>