<?xml version="1.0" encoding="UTF-8"?>
<!--Modified on Tuesday January 08 16:09:09, 2008 -->

<index id="q">
	<word id="quickly">
		<source id="ant_codecompletion.html" title="Using Ant Code Completion" url="ant_codecompletion.html"/>
		<source id="dialogs_runtimeconfigs.html" title="Runtime Configuration Dialog Box" url="dialogs_runtimeconfigs.html"/>
		<source id="editor_bookmarks.html" title="Setting Bookmarks" url="editor_bookmarks.html"/>
		<source id="editor_howto_foldingcode.html" title="How to: Outline and Hide Code" url="editor_howto_foldingcode.html"/>
		<source id="getstarted_console.html" title="Creating a Java Console Application" url="getstarted_console.html"/>
		<source id="glossary_terms.html" title="Glossary" url="glossary_terms.html"/>
		<source id="introduction_about.html" title="About JCreator" url="introduction_about.html"/>
		<source id="workspace_overview.html" title="Workspace Overview" url="workspace_overview.html"/>
	</word>
	<word id="quotes">
		<source id="versioncontrol_cvs.html" title="Setting up CVS" url="versioncontrol_cvs.html"/>
	</word>
	<word id="question">
		<source id="dialogs_optionscodecompletion.html" title="Code Completion Pane" url="dialogs_optionscodecompletion.html"/>
	</word>
	<word id="quick">
		<source id="dialogs_filewizard.html" title="File Wizard Dialog Box" url="dialogs_filewizard.html"/>
		<source id="menus_edit.html" title="Edit Menu" url="menus_edit.html"/>
		<source id="menus_edit_le.html" title="Edit Menu" url="menus_edit_le.html"/>
	</word>
	<word id="quote">
		<source id="ant_examples.html" title="Ant Examples" url="ant_examples.html"/>
	</word>
	<word id="quality">
		<source id="appendix_license.html" title="JCreator Pro, License Agreement" url="appendix_license.html"/>
		<source id="appendix_license_le.html" title="JCreator LE, License Agreement" url="appendix_license_le.html"/>
		<source id="appendix_shareware.html" title="Try Before You Buy" url="appendix_shareware.html"/>
	</word>
	<word id="q">
		<source id="ant_codecompletion.html" title="Using Ant Code Completion" url="ant_codecompletion.html"/>
		<source id="ant_examples.html" title="Ant Examples" url="ant_examples.html"/>
		<source id="appendix_license.html" title="JCreator Pro, License Agreement" url="appendix_license.html"/>
		<source id="appendix_license_le.html" title="JCreator LE, License Agreement" url="appendix_license_le.html"/>
		<source id="buildingcode_build.html" title="Building Your Code" url="buildingcode_build.html"/>
		<source id="buildingcode_howtoconf_tomcat.html" title="How to: Use JCreator with Tomcat" url="buildingcode_howtoconf_tomcat.html"/>
		<source id="debuggingcode_howtoconf_tomcat.html" title="How to: Debug Servlets with Tomcat" url="debuggingcode_howtoconf_tomcat.html"/>
		<source id="dialogs_optionstoolmacros.html" title="Tool Macros Pane" url="dialogs_optionstoolmacros.html"/>
		<source id="dialogs_outputexpressions.html" title="Output Expression Properties Dialog Box" url="dialogs_outputexpressions.html"/>
		<source id="dialogs_setmain.html" title="Set Main Method Arguments Dialog Box" url="dialogs_setmain.html"/>
		<source id="editor.html" title="Editing Code" url="editor.html"/>
		<source id="editor_le.html" title="Editing Code" url="editor_le.html"/>
		<source id="editor_wordcompletion.html" title="Using Word Completion" url="editor_wordcompletion.html"/>
		<source id="extending_filetemplates.html" title="File Templates" url="extending_filetemplates.html"/>
		<source id="getstarted_console.html" title="Creating a Java Console Application" url="getstarted_console.html"/>
		<source id="versioncontrol_cvs.html" title="Setting up CVS" url="versioncontrol_cvs.html"/>
	</word>
	<word id="questions">
		<source id="appendix_website.html" title="JCreator Online" url="appendix_website.html"/>
		<source id="menus_help.html" title="Help Menu" url="menus_help.html"/>
	</word>
	<word id="quiet">
		<source id="dialogs_jdktools.html" title="Tool Configuration Dialog Box" url="dialogs_jdktools.html"/>
	</word>
</index>